cloth_class,product_price,product_name,product_img
褲款,NT$ 990,薄紗短裙設計緊身褲,https://static.zara.net/stdstatic/1.26.1-b.1/images/transparent-bg.png
褲款,"NT$ 1,490",波卡圓點長褲,https://static.zara.net/stdstatic/1.26.1-b.1/images/transparent-bg.png
褲款,NT$ 790,金屬色寬管長褲,https://static.zara.net/stdstatic/1.26.1-b.1/images/transparent-bg.png
褲款,"NT$ 1,290",閃亮喇叭褲,https://static.zara.net/stdstatic/1.26.1-b.1/images/transparent-bg.png
褲款,NT$ 890,金屬色騎士長褲,https://static.zara.net/stdstatic/1.26.1-b.1/images/transparent-bg.png
褲款,"NT$ 1,990",皮質觸感長褲,https://static.zara.net/stdstatic/1.26.1-b.1/images/transparent-bg.png
褲款,NT$ 990,五口袋長褲,https://static.zara.net/stdstatic/1.26.1-b.1/images/transparent-bg.png
褲款,"NT$ 1,490",直筒長褲,https://static.zara.net/stdstatic/1.26.1-b.1/images/transparent-bg.png
褲款,NT$ 890,雙面布料長褲,https://static.zara.net/stdstatic/1.26.1-b.1/images/transparent-bg.png
褲款,"NT$ 1,990",絨球裝飾長褲,https://static.zara.net/stdstatic/1.26.1-b.1/images/transparent-bg.png
褲款,NT$ 890,緞面飄逸長褲,https://static.zara.net/stdstatic/1.26.1-b.1/images/transparent-bg.png
褲款,"NT$ 1,990",搭扣褲腰長褲,https://static.zara.net/stdstatic/1.26.1-b.1/images/transparent-bg.png
褲款,NT$ 790,翻摺腰身窄管褲,https://static.zara.net/stdstatic/1.26.1-b.1/images/transparent-bg.png
褲款,"NT$ 1,290",中腰緊身長褲,https://static.zara.net/stdstatic/1.26.1-b.1/images/transparent-bg.png
褲款,NT$ 890,帶扣長褲,https://static.zara.net/stdstatic/1.26.1-b.1/images/transparent-bg.png
褲款,"NT$ 1,990",拉鍊垂性長褲,https://static.zara.net/stdstatic/1.26.1-b.1/images/transparent-bg.png
牛仔褲,NT$ 890,男友版牛仔褲,https://static.zara.net/stdstatic/1.26.1-b.1/images/transparent-bg.png
褲款,"NT$ 1,190",斜紋長褲,https://static.zara.net/stdstatic/1.26.1-b.1/images/transparent-bg.png
褲款,"NT$ 1,490",閃亮長褲,https://static.zara.net/stdstatic/1.26.1-b.1/images/transparent-bg.png
褲款,NT$ 890,平絨喇叭褲,https://static.zara.net/stdstatic/1.26.1-b.1/images/transparent-bg.png
褲款,"NT$ 1,990",漆皮騎士長褲,https://static.zara.net/stdstatic/1.26.1-b.1/images/transparent-bg.png
褲款,NT$ 990,漆皮騎士長褲,https://static.zara.net/stdstatic/1.26.1-b.1/images/transparent-bg.png
褲款,"NT$ 1,490",科技材質長褲,https://static.zara.net/stdstatic/1.26.1-b.1/images/transparent-bg.png
褲款,NT$ 990,天鵝絨收腿褲,https://static.zara.net/stdstatic/1.26.1-b.1/images/transparent-bg.png
褲款,"NT$ 1,490",慢跑褲,https://static.zara.net/stdstatic/1.26.1-b.1/images/transparent-bg.png
褲款,NT$ 990,五口袋長褲,https://static.zara.net/stdstatic/1.26.1-b.1/images/transparent-bg.png
褲款,"NT$ 1,490",緊身長褲,https://static.zara.net/stdstatic/1.26.1-b.1/images/transparent-bg.png
褲款,NT$ 990,花卉印花居家長褲,https://static.zara.net/stdstatic/1.26.1-b.1/images/transparent-bg.png
牛仔褲,"NT$ 1,990",寬管及踝牛仔褲,https://static.zara.net/stdstatic/1.26.1-b.1/images/transparent-bg.png
牛仔褲,NT$ 890,男友牛仔褲,https://static.zara.net/stdstatic/1.26.1-b.1/images/transparent-bg.png
牛仔褲,"NT$ 1,990",中腰緊身褲,https://static.zara.net/stdstatic/1.26.1-b.1/images/transparent-bg.png
牛仔褲,NT$ 890,高腰牛仔緊身褲,https://static.zara.net/stdstatic/1.26.1-b.1/images/transparent-bg.png
牛仔褲,"NT$ 1,990",刺繡剪洞牛仔褲,https://static.zara.net/stdstatic/1.26.1-b.1/images/transparent-bg.png
牛仔褲,NT$ 890,拉鍊緊身長褲,https://static.zara.net/stdstatic/1.26.1-b.1/images/transparent-bg.png
牛仔褲,"NT$ 1,990",中腰騎士長褲,https://static.zara.net/stdstatic/1.26.1-b.1/images/transparent-bg.png
牛仔褲,NT$ 790,緊身長褲,https://static.zara.net/stdstatic/1.26.1-b.1/images/transparent-bg.png
牛仔褲,"NT$ 1,190",工裝長褲,https://static.zara.net/stdstatic/1.26.1-b.1/images/transparent-bg.png
牛仔褲,NT$ 890,緊身長褲,https://static.zara.net/stdstatic/1.26.1-b.1/images/transparent-bg.png
牛仔褲,"NT$ 1,990",剪洞中腰牛仔褲,https://static.zara.net/stdstatic/1.26.1-b.1/images/transparent-bg.png
牛仔褲,NT$ 890,毛邊加大碼牛仔褲,https://static.zara.net/stdstatic/1.26.1-b.1/images/transparent-bg.png
牛仔褲,"NT$ 1,990",毛邊加大碼牛仔褲,https://static.zara.net/stdstatic/1.26.1-b.1/images/transparent-bg.png
牛仔褲,NT$ 990,毛邊褲腳男友版牛仔褲,https://static.zara.net/stdstatic/1.26.1-b.1/images/transparent-bg.png
褲款,"NT$ 1,490",雙面布料寬管長褲,https://static.zara.net/stdstatic/1.26.1-b.1/images/transparent-bg.png
褲款,NT$ 640,天鵝絨緊身褲,https://static.zara.net/stdstatic/1.26.1-b.1/images/transparent-bg.png
褲款,NT$ 990,鉚釘長褲,https://static.zara.net/stdstatic/1.26.1-b.1/images/transparent-bg.png
褲款,NT$ 990,天鵝絨收腿褲,https://static.zara.net/stdstatic/1.26.1-b.1/images/transparent-bg.png
褲款,"NT$ 1,490",褲腳開叉長褲,https://static.zara.net/stdstatic/1.26.1-b.1/images/transparent-bg.png
褲款,NT$ 790,羅紋寬管褲,https://static.zara.net/stdstatic/1.26.1-b.1/images/transparent-bg.png
褲款,"NT$ 1,290",羅紋寬管褲,https://static.zara.net/stdstatic/1.26.1-b.1/images/transparent-bg.png
褲款,NT$ 990,正面帶扣長褲,https://static.zara.net/stdstatic/1.26.1-b.1/images/transparent-bg.png
褲款,"NT$ 1,490",閃亮長褲,https://static.zara.net/stdstatic/1.26.1-b.1/images/transparent-bg.png
褲款,NT$ 990,帶扣長褲,https://static.zara.net/stdstatic/1.26.1-b.1/images/transparent-bg.png
牛仔褲,"NT$ 1,490",印花高腰牛仔緊身褲,https://static.zara.net/stdstatic/1.26.1-b.1/images/transparent-bg.png
牛仔褲,NT$ 990,中腰騎士長褲,https://static.zara.net/stdstatic/1.26.1-b.1/images/transparent-bg.png
牛仔褲,"NT$ 1,490",剪洞高腰長褲,https://static.zara.net/stdstatic/1.26.1-b.1/images/transparent-bg.png
牛仔褲,NT$ 890,中腰直筒牛仔褲,https://static.zara.net/stdstatic/1.26.1-b.1/images/transparent-bg.png
牛仔褲,"NT$ 1,990",媽咪版高腰牛仔褲,https://static.zara.net/stdstatic/1.26.1-b.1/images/transparent-bg.png
牛仔褲,NT$ 990,軍裝款工裝褲,https://static.zara.net/stdstatic/1.26.1-b.1/images/transparent-bg.png
牛仔褲,"NT$ 1,490",高腰長褲,https://static.zara.net/stdstatic/1.26.1-b.1/images/transparent-bg.png
牛仔褲,NT$ 990,不對稱褲腳牛仔褲,https://static.zara.net/stdstatic/1.26.1-b.1/images/transparent-bg.png
褲款,"NT$ 1,490",休閒版長褲,https://static.zara.net/stdstatic/1.26.1-b.1/images/transparent-bg.png
褲款,NT$ 890,格紋長褲,https://static.zara.net/stdstatic/1.26.1-b.1/images/transparent-bg.png
褲款,"NT$ 1,990",附腰帶長褲,https://static.zara.net/stdstatic/1.26.1-b.1/images/transparent-bg.png
褲款,NT$ 890,打褶府綢長褲,https://static.zara.net/stdstatic/1.26.1-b.1/images/transparent-bg.png
褲款,"NT$ 1,990",條紋府綢長褲,https://static.zara.net/stdstatic/1.26.1-b.1/images/transparent-bg.png
褲款,NT$ 990,金屬色騎士長褲,https://static.zara.net/stdstatic/1.26.1-b.1/images/transparent-bg.png
褲款,"NT$ 1,490",羅紋寬管褲,https://static.zara.net/stdstatic/1.26.1-b.1/images/transparent-bg.png
褲款,NT$ 990,七分長褲,https://static.zara.net/stdstatic/1.26.1-b.1/images/transparent-bg.png
褲款,"NT$ 1,490",七分長褲,https://static.zara.net/stdstatic/1.26.1-b.1/images/transparent-bg.png
褲款,NT$ 990,花卉印花長褲,https://static.zara.net/stdstatic/1.26.1-b.1/images/transparent-bg.png
褲款,"NT$ 1,490",及踝喇叭長褲,https://static.zara.net/stdstatic/1.26.1-b.1/images/transparent-bg.png
牛仔褲,"NT$ 1,490",中腰牛仔褲,https://static.zara.net/stdstatic/1.26.1-b.1/images/transparent-bg.png
牛仔褲,NT$ 890,中腰緊身牛仔褲,https://static.zara.net/stdstatic/1.26.1-b.1/images/transparent-bg.png
牛仔褲,"NT$ 1,990",騎士牛仔褲,https://static.zara.net/stdstatic/1.26.1-b.1/images/transparent-bg.png
牛仔褲,NT$ 890,中腰直筒牛仔褲,https://static.zara.net/stdstatic/1.26.1-b.1/images/transparent-bg.png
牛仔褲,"NT$ 1,990",WONDER WOMAN 神奇女俠牛仔褲,https://static.zara.net/stdstatic/1.26.1-b.1/images/transparent-bg.png
牛仔褲,NT$ 890,六拉鍊緊身長褲,https://static.zara.net/stdstatic/1.26.1-b.1/images/transparent-bg.png
牛仔褲,"NT$ 1,990",喇叭牛仔褲,https://static.zara.net/stdstatic/1.26.1-b.1/images/transparent-bg.png
牛仔褲,NT$ 790,喇叭牛仔褲,https://static.zara.net/stdstatic/1.26.1-b.1/images/transparent-bg.png
牛仔褲,"NT$ 1,190",中腰休閒長褲,https://static.zara.net/stdstatic/1.26.1-b.1/images/transparent-bg.png
牛仔褲,NT$ 990,中腰休閒版牛仔褲,https://static.zara.net/stdstatic/1.26.1-b.1/images/transparent-bg.png
牛仔褲,"NT$ 1,490",窄管牛仔褲,https://static.zara.net/stdstatic/1.26.1-b.1/images/transparent-bg.png
牛仔褲,NT$ 890,中腰緊身牛仔褲,https://static.zara.net/stdstatic/1.26.1-b.1/images/transparent-bg.png
褲款,NT$ 790,休閒褲,https://static.zara.net/stdstatic/1.26.1-b.1/images/transparent-bg.png
褲款,"NT$ 1,290",附腰帶休閒褲,https://static.zara.net/stdstatic/1.26.1-b.1/images/transparent-bg.png
褲款,NT$ 990,騎士長褲,https://static.zara.net/stdstatic/1.26.1-b.1/images/transparent-bg.png
褲款,"NT$ 1,490",慢跑褲,https://static.zara.net/stdstatic/1.26.1-b.1/images/transparent-bg.png
褲款,NT$ 990,五口袋長褲,https://static.zara.net/stdstatic/1.26.1-b.1/images/transparent-bg.png
褲款,"NT$ 1,490",荷葉邊長褲,https://static.zara.net/stdstatic/1.26.1-b.1/images/transparent-bg.png
褲款,NT$ 890,五口袋長褲,https://static.zara.net/stdstatic/1.26.1-b.1/images/transparent-bg.png
褲款,"NT$ 1,990",垮褲,https://static.zara.net/stdstatic/1.26.1-b.1/images/transparent-bg.png
褲款,NT$ 640,高腰緊身褲,https://static.zara.net/stdstatic/1.26.1-b.1/images/transparent-bg.png
褲款,NT$ 790,五口袋長褲,https://static.zara.net/stdstatic/1.26.1-b.1/images/transparent-bg.png
褲款,NT$ 990,五口袋長褲,https://static.zara.net/stdstatic/1.26.1-b.1/images/transparent-bg.png
褲款,"NT$ 1,490",拉鍊騎士長褲,https://static.zara.net/stdstatic/1.26.1-b.1/images/transparent-bg.png
牛仔褲,"NT$ 1,990",中腰牛仔褲,https://static.zara.net/stdstatic/1.26.1-b.1/images/transparent-bg.png
牛仔褲,NT$ 990,剪洞褲腳中腰牛仔褲,https://static.zara.net/stdstatic/1.26.1-b.1/images/transparent-bg.png
牛仔褲,"NT$ 1,490",中腰牛仔褲,https://static.zara.net/stdstatic/1.26.1-b.1/images/transparent-bg.png
牛仔褲,NT$ 990,寬管牛仔褲,https://static.zara.net/stdstatic/1.26.1-b.1/images/transparent-bg.png
牛仔褲,"NT$ 1,490",中腰緊身長褲,https://static.zara.net/stdstatic/1.26.1-b.1/images/transparent-bg.png
牛仔褲,NT$ 890,高腰媽咪版牛仔褲,https://static.zara.net/stdstatic/1.26.1-b.1/images/transparent-bg.png
牛仔褲,"NT$ 1,990",及踝喇叭牛仔褲,https://static.zara.net/stdstatic/1.26.1-b.1/images/transparent-bg.png
牛仔褲,NT$ 890,中腰緊身牛仔褲,https://static.zara.net/stdstatic/1.26.1-b.1/images/transparent-bg.png
褲款,NT$ 990,軍裝款工裝褲,https://static.zara.net/stdstatic/1.26.1-b.1/images/transparent-bg.png
褲款,"NT$ 1,490",工裝褲,https://static.zara.net/stdstatic/1.26.1-b.1/images/transparent-bg.png
褲款,NT$ 890,寬鬆工裝褲,https://static.zara.net/stdstatic/1.26.1-b.1/images/transparent-bg.png
褲款,"NT$ 1,990",慢跑長褲,https://static.zara.net/stdstatic/1.26.1-b.1/images/transparent-bg.png
褲款,NT$ 990,緊身長褲,https://static.zara.net/stdstatic/1.26.1-b.1/images/transparent-bg.png
褲款,"NT$ 1,490",慢跑褲,https://static.zara.net/stdstatic/1.26.1-b.1/images/transparent-bg.png
褲款,NT$ 990,附腰帶長褲,https://static.zara.net/stdstatic/1.26.1-b.1/images/transparent-bg.png
褲款,"NT$ 1,490",慢跑長褲,https://static.zara.net/stdstatic/1.26.1-b.1/images/transparent-bg.png
褲款,NT$ 890,不對稱褲腳慢跑褲,https://static.zara.net/stdstatic/1.26.1-b.1/images/transparent-bg.png
褲款,"NT$ 1,990",印花縐綢長褲,https://static.zara.net/stdstatic/1.26.1-b.1/images/transparent-bg.png
褲款,NT$ 890,荷葉邊長褲,https://static.zara.net/stdstatic/1.26.1-b.1/images/transparent-bg.png
褲款,"NT$ 1,990",科技布料長褲,https://static.zara.net/stdstatic/1.26.1-b.1/images/transparent-bg.png
洋裝,NT$ 990,亮片迷你洋裝,https://static.zara.net/stdstatic/1.26.1-b.1/images/transparent-bg.png
牛仔褲,"NT$ 1,990",高腰緊身牛仔褲,https://static.zara.net/stdstatic/1.26.1-b.1/images/transparent-bg.png
牛仔褲,NT$ 890,雙層牛仔褲,https://static.zara.net/stdstatic/1.26.1-b.1/images/transparent-bg.png
牛仔褲,"NT$ 1,990",EMBRACE 系列原創版牛仔褲,https://static.zara.net/stdstatic/1.26.1-b.1/images/transparent-bg.png
牛仔褲,NT$ 790,各色合身曲線牛仔褲,https://static.zara.net/stdstatic/1.26.1-b.1/images/transparent-bg.png
牛仔褲,"NT$ 1,290",黑色牛仔褲,https://static.zara.net/stdstatic/1.26.1-b.1/images/transparent-bg.png
牛仔褲,NT$ 790,紮染牛仔褲,https://static.zara.net/stdstatic/1.26.1-b.1/images/transparent-bg.png
牛仔褲,"NT$ 1,290",潑漆設計牛仔緊身褲,https://static.zara.net/stdstatic/1.26.1-b.1/images/transparent-bg.png
牛仔褲,NT$ 990,媽咪款褲,https://static.zara.net/stdstatic/1.26.1-b.1/images/transparent-bg.png
牛仔褲,"NT$ 1,490",破損緊身褲,https://static.zara.net/stdstatic/1.26.1-b.1/images/transparent-bg.png
牛仔褲,NT$ 990,短罩裙牛仔褲,https://static.zara.net/stdstatic/1.26.1-b.1/images/transparent-bg.png
牛仔褲,"NT$ 1,490",EMBRACE 系列原創牛仔褲,https://static.zara.net/stdstatic/1.26.1-b.1/images/transparent-bg.png
牛仔褲,NT$ 890,補丁吊襠牛仔褲,https://static.zara.net/stdstatic/1.26.1-b.1/images/transparent-bg.png
褲款,NT$ 640,側身按扣設計長褲,https://static.zara.net/stdstatic/1.26.1-b.1/images/transparent-bg.png
褲款,NT$ 990,垂性喇叭褲,https://static.zara.net/stdstatic/1.26.1-b.1/images/transparent-bg.png
褲款,NT$ 890,開叉寬管七分褲,https://static.zara.net/stdstatic/1.26.1-b.1/images/transparent-bg.png
褲款,"NT$ 2,790",亮片長褲,https://static.zara.net/stdstatic/1.26.1-b.1/images/transparent-bg.png
褲款,NT$ 890,及踝長褲,https://static.zara.net/stdstatic/1.26.1-b.1/images/transparent-bg.png
褲款,"NT$ 1,990",腰帶扣環設計棉質長褲,https://static.zara.net/stdstatic/1.26.1-b.1/images/transparent-bg.png
褲款,NT$ 790,高腰及踝長褲,https://static.zara.net/stdstatic/1.26.1-b.1/images/transparent-bg.png
褲款,"NT$ 1,190",寬管褲,https://static.zara.net/stdstatic/1.26.1-b.1/images/transparent-bg.png
褲款,NT$ 990,細條紋長褲,https://static.zara.net/stdstatic/1.26.1-b.1/images/transparent-bg.png
褲款,"NT$ 1,490",人造皮七分褲,https://static.zara.net/stdstatic/1.26.1-b.1/images/transparent-bg.png
褲款,NT$ 990,提花慢跑褲,https://static.zara.net/stdstatic/1.26.1-b.1/images/transparent-bg.png
褲款,"NT$ 1,490",拉鍊慢跑褲,https://static.zara.net/stdstatic/1.26.1-b.1/images/transparent-bg.png
褲款,NT$ 890,寬管七分褲,https://static.zara.net/stdstatic/1.26.1-b.1/images/transparent-bg.png
褲款,"NT$ 1,990",開叉寬管七分褲,https://static.zara.net/stdstatic/1.26.1-b.1/images/transparent-bg.png
洋裝,"NT$ 1,490",荷葉邊洋裝,https://static.zara.net/stdstatic/1.26.1-b.1/images/transparent-bg.png
洋裝,NT$ 890,斑紋印花洋裝,https://static.zara.net/stdstatic/1.26.1-b.1/images/transparent-bg.png
洋裝,"NT$ 1,490",格紋細肩帶洋裝,https://static.zara.net/stdstatic/1.26.1-b.1/images/transparent-bg.png
洋裝,NT$ 990,鏤空洋裝,https://static.zara.net/stdstatic/1.26.1-b.1/images/transparent-bg.png
洋裝,"NT$ 1,990",拼接荷葉邊洋裝,https://static.zara.net/stdstatic/1.26.1-b.1/images/transparent-bg.png
洋裝,NT$ 990,開叉直筒連衣裙,https://static.zara.net/stdstatic/1.26.1-b.1/images/transparent-bg.png
洋裝,"NT$ 1,490",中長版蓬蓬洋裝,https://static.zara.net/stdstatic/1.26.1-b.1/images/transparent-bg.png
洋裝,NT$ 990,牛仔布洋裝,https://static.zara.net/stdstatic/1.26.1-b.1/images/transparent-bg.png
牛仔褲,"NT$ 1,990",扎染高彈性緊身褲,https://static.zara.net/stdstatic/1.26.1-b.1/images/transparent-bg.png
牛仔褲,NT$ 990,剪洞拉鍊長褲,https://static.zara.net/stdstatic/1.26.1-b.1/images/transparent-bg.png
牛仔褲,"NT$ 1,490",鉚釘設計破損毛邊牛仔褲,https://static.zara.net/stdstatic/1.26.1-b.1/images/transparent-bg.png
牛仔褲,NT$ 790,噴漆效果卡其色牛仔緊身褲,https://static.zara.net/stdstatic/1.26.1-b.1/images/transparent-bg.png
牛仔褲,"NT$ 1,290",媽咪款褲,https://static.zara.net/stdstatic/1.26.1-b.1/images/transparent-bg.png
牛仔褲,NT$ 790,緊身牛仔褲,https://static.zara.net/stdstatic/1.26.1-b.1/images/transparent-bg.png
牛仔褲,"NT$ 1,290",剪洞牛仔緊身褲,https://static.zara.net/stdstatic/1.26.1-b.1/images/transparent-bg.png
牛仔褲,NT$ 990,ESSENTIAL FITS 系列高腰牛仔褲,https://static.zara.net/stdstatic/1.26.1-b.1/images/transparent-bg.png
牛仔褲,"NT$ 1,490",緊身長褲,https://static.zara.net/stdstatic/1.26.1-b.1/images/transparent-bg.png
牛仔褲,NT$ 990,高腰緊身長褲,https://static.zara.net/stdstatic/1.26.1-b.1/images/transparent-bg.png
牛仔褲,"NT$ 1,490",翻摺設計中腰緊身牛仔褲,https://static.zara.net/stdstatic/1.26.1-b.1/images/transparent-bg.png
牛仔褲,NT$ 990,中腰休閒牛仔褲,https://static.zara.net/stdstatic/1.26.1-b.1/images/transparent-bg.png
牛仔褲,"NT$ 1,490",刺繡及踝牛仔褲,https://static.zara.net/stdstatic/1.26.1-b.1/images/transparent-bg.png
褲款,NT$ 990,雙面布料長褲,https://static.zara.net/stdstatic/1.26.1-b.1/images/transparent-bg.png
褲款,"NT$ 1,490",軍風長褲,https://static.zara.net/stdstatic/1.26.1-b.1/images/transparent-bg.png
褲款,NT$ 990,絨面人造皮觸感長褲,https://static.zara.net/stdstatic/1.26.1-b.1/images/transparent-bg.png
褲款,"NT$ 1,490",腰身拼接運動褲,https://static.zara.net/stdstatic/1.26.1-b.1/images/transparent-bg.png
褲款,NT$ 990,細條紋長褲,https://static.zara.net/stdstatic/1.26.1-b.1/images/transparent-bg.png
褲款,"NT$ 1,490",5 口袋長褲,https://static.zara.net/stdstatic/1.26.1-b.1/images/transparent-bg.png
褲款,NT$ 990,高腰長褲,https://static.zara.net/stdstatic/1.26.1-b.1/images/transparent-bg.png
褲款,"NT$ 1,490",休閒長褲,https://static.zara.net/stdstatic/1.26.1-b.1/images/transparent-bg.png
洋裝,"NT$ 1,990",蕾絲短版洋裝,https://static.zara.net/stdstatic/1.26.1-b.1/images/transparent-bg.png
洋裝,NT$ 890,貼頸細帶洋裝,https://static.zara.net/stdstatic/1.26.1-b.1/images/transparent-bg.png
洋裝,"NT$ 1,490",寬擺洋裝,https://static.zara.net/stdstatic/1.26.1-b.1/images/transparent-bg.png
洋裝,NT$ 990,亮面飄逸洋裝,https://static.zara.net/stdstatic/1.26.1-b.1/images/transparent-bg.png
洋裝,"NT$ 1,990",連身褲裙,https://static.zara.net/stdstatic/1.26.1-b.1/images/transparent-bg.png
洋裝,NT$ 590,修身短版洋裝,https://static.zara.net/stdstatic/1.26.1-b.1/images/transparent-bg.png
洋裝,NT$ 990,花卉印花長版洋裝,https://static.zara.net/stdstatic/1.26.1-b.1/images/transparent-bg.png
洋裝,NT$ 990,天鵝絨拼接洋裝,https://static.zara.net/stdstatic/1.26.1-b.1/images/transparent-bg.png
洋裝,"NT$ 1,990",長版洋裝,https://static.zara.net/stdstatic/1.26.1-b.1/images/transparent-bg.png
洋裝,"NT$ 1,490",仿皮背帶褲,https://static.zara.net/stdstatic/1.26.1-b.1/images/transparent-bg.png
洋裝,"NT$ 2,790",蕾絲下襬洋裝,https://static.zara.net/stdstatic/1.26.1-b.1/images/transparent-bg.png
洋裝,NT$ 990,STUDIO 系列花卉短襯裙,https://static.zara.net/stdstatic/1.26.1-b.1/images/transparent-bg.png
洋裝,"NT$ 1,490",印花內衣式洋裝,https://static.zara.net/stdstatic/1.26.1-b.1/images/transparent-bg.png
牛仔褲,NT$ 990,中腰緊身牛仔褲,https://static.zara.net/stdstatic/1.26.1-b.1/images/transparent-bg.png
牛仔褲,"NT$ 1,490",中腰緊身牛仔褲,https://static.zara.net/stdstatic/1.26.1-b.1/images/transparent-bg.png
牛仔褲,NT$ 790,中腰緊身牛仔褲,https://static.zara.net/stdstatic/1.26.1-b.1/images/transparent-bg.png
牛仔褲,"NT$ 1,290",中腰牛仔褲,https://static.zara.net/stdstatic/1.26.1-b.1/images/transparent-bg.png
牛仔褲,NT$ 990,齊膝牛仔褲,https://static.zara.net/stdstatic/1.26.1-b.1/images/transparent-bg.png
牛仔褲,"NT$ 1,490",中腰緊身牛仔褲,https://static.zara.net/stdstatic/1.26.1-b.1/images/transparent-bg.png
牛仔褲,NT$ 790,塗鴉窄管褲,https://static.zara.net/stdstatic/1.26.1-b.1/images/transparent-bg.png
牛仔褲,"NT$ 1,290",裁剪牛仔褲,https://static.zara.net/stdstatic/1.26.1-b.1/images/transparent-bg.png
牛仔褲,NT$ 990,中腰直筒牛仔褲,https://static.zara.net/stdstatic/1.26.1-b.1/images/transparent-bg.png
牛仔褲,"NT$ 1,490",拉鍊騎士長褲,https://static.zara.net/stdstatic/1.26.1-b.1/images/transparent-bg.png
褲款,NT$ 990,及踝長褲,https://static.zara.net/stdstatic/1.26.1-b.1/images/transparent-bg.png
褲款,"NT$ 1,490",及踝長褲,https://static.zara.net/stdstatic/1.26.1-b.1/images/transparent-bg.png
褲款,NT$ 890,高腰長褲,https://static.zara.net/stdstatic/1.26.1-b.1/images/transparent-bg.png
褲款,"NT$ 1,990",科技材質長褲,https://static.zara.net/stdstatic/1.26.1-b.1/images/transparent-bg.png
洋裝,NT$ 990,仿皮背帶褲,https://static.zara.net/stdstatic/1.26.1-b.1/images/transparent-bg.png
洋裝,"NT$ 1,990",半高領棉緞連衣裙,https://static.zara.net/stdstatic/1.26.1-b.1/images/transparent-bg.png
洋裝,"NT$ 1,490",亮片直筒洋裝,https://static.zara.net/stdstatic/1.26.1-b.1/images/transparent-bg.png
洋裝,"NT$ 3,490",露肩洋裝,https://static.zara.net/stdstatic/1.26.1-b.1/images/transparent-bg.png
洋裝,NT$ 890,背心洋裝,https://static.zara.net/stdstatic/1.26.1-b.1/images/transparent-bg.png
洋裝,"NT$ 1,490",金屬色花卉洋裝,https://static.zara.net/stdstatic/1.26.1-b.1/images/transparent-bg.png
洋裝,NT$ 590,迷你洋裝,https://static.zara.net/stdstatic/1.26.1-b.1/images/transparent-bg.png
洋裝,"NT$ 1,290",提花迷你洋裝,https://static.zara.net/stdstatic/1.26.1-b.1/images/transparent-bg.png
洋裝,NT$ 990,荷葉邊軟呢洋裝,https://static.zara.net/stdstatic/1.26.1-b.1/images/transparent-bg.png
洋裝,"NT$ 1,990",拉鍊中長裙,https://static.zara.net/stdstatic/1.26.1-b.1/images/transparent-bg.png
洋裝,NT$ 890,拉鍊中長裙,https://static.zara.net/stdstatic/1.26.1-b.1/images/transparent-bg.png
洋裝,"NT$ 1,490",薄紗針織洋裝,https://static.zara.net/stdstatic/1.26.1-b.1/images/transparent-bg.png
洋裝,NT$ 890,露肩長衫,https://static.zara.net/stdstatic/1.26.1-b.1/images/transparent-bg.png
洋裝,"NT$ 1,490",A 字洋裝,https://static.zara.net/stdstatic/1.26.1-b.1/images/transparent-bg.png
牛仔褲,NT$ 990,中腰緊身牛仔褲,https://static.zara.net/stdstatic/1.26.1-b.1/images/transparent-bg.png
牛仔褲,"NT$ 1,490",側身緞帶鑲邊中腰牛仔褲,https://static.zara.net/stdstatic/1.26.1-b.1/images/transparent-bg.png
牛仔褲,NT$ 990,中腰牛仔褲,https://static.zara.net/stdstatic/1.26.1-b.1/images/transparent-bg.png
牛仔褲,"NT$ 1,490",高腰牛仔緊身褲,https://static.zara.net/stdstatic/1.26.1-b.1/images/transparent-bg.png
牛仔褲,NT$ 890,中腰騎士褲,https://static.zara.net/stdstatic/1.26.1-b.1/images/transparent-bg.png
牛仔褲,"NT$ 1,990",中腰長褲,https://static.zara.net/stdstatic/1.26.1-b.1/images/transparent-bg.png
牛仔褲,NT$ 790,脫線毛邊長褲,https://static.zara.net/stdstatic/1.26.1-b.1/images/transparent-bg.png
牛仔褲,"NT$ 1,290",六拉鍊緊身長褲,https://static.zara.net/stdstatic/1.26.1-b.1/images/transparent-bg.png
牛仔褲,NT$ 990,中腰緊身牛仔褲,https://static.zara.net/stdstatic/1.26.1-b.1/images/transparent-bg.png
牛仔褲,"NT$ 1,490",中腰喇叭牛仔褲,https://static.zara.net/stdstatic/1.26.1-b.1/images/transparent-bg.png
牛仔褲,NT$ 990,緊身長褲,https://static.zara.net/stdstatic/1.26.1-b.1/images/transparent-bg.png
牛仔褲,"NT$ 1,790",中腰長褲,https://static.zara.net/stdstatic/1.26.1-b.1/images/transparent-bg.png
牛仔褲,NT$ 990,高腰長褲,https://static.zara.net/stdstatic/1.26.1-b.1/images/transparent-bg.png
牛仔褲,"NT$ 1,490",中腰緊身牛仔褲,https://static.zara.net/stdstatic/1.26.1-b.1/images/transparent-bg.png
牛仔褲,NT$ 640,中腰緊身牛仔褲,https://static.zara.net/stdstatic/1.26.1-b.1/images/transparent-bg.png
褲款,NT$ 790,抽繩海盜褲,https://static.zara.net/stdstatic/1.26.1-b.1/images/transparent-bg.png
褲款,"NT$ 1,290",休閒褲,https://static.zara.net/stdstatic/1.26.1-b.1/images/transparent-bg.png
褲款,NT$ 990,千鳥格紋窄管褲,https://static.zara.net/stdstatic/1.26.1-b.1/images/transparent-bg.png
褲款,"NT$ 1,490",棉質帆布長褲,https://static.zara.net/stdstatic/1.26.1-b.1/images/transparent-bg.png
褲款,NT$ 640,六拉鍊緊身長褲,https://static.zara.net/stdstatic/1.26.1-b.1/images/transparent-bg.png
褲款,NT$ 990,寬管七分褲,https://static.zara.net/stdstatic/1.26.1-b.1/images/transparent-bg.png
褲款,NT$ 790,開叉寬管七分褲,https://static.zara.net/stdstatic/1.26.1-b.1/images/transparent-bg.png
洋裝,NT$ 890,拼接洋裝,https://static.zara.net/stdstatic/1.26.1-b.1/images/transparent-bg.png
洋裝,"NT$ 1,490",印花縐綢洋裝,https://static.zara.net/stdstatic/1.26.1-b.1/images/transparent-bg.png
洋裝,NT$ 990,荷葉邊洋裝,https://static.zara.net/stdstatic/1.26.1-b.1/images/transparent-bg.png
洋裝,"NT$ 1,990",印花中長洋裝,https://static.zara.net/stdstatic/1.26.1-b.1/images/transparent-bg.png
洋裝,"NT$ 1,490",雙色洋裝,https://static.zara.net/stdstatic/1.26.1-b.1/images/transparent-bg.png
洋裝,"NT$ 3,490",雙面布料洋裝,https://static.zara.net/stdstatic/1.26.1-b.1/images/transparent-bg.png
洋裝,NT$ 990,蕾絲短版洋裝,https://static.zara.net/stdstatic/1.26.1-b.1/images/transparent-bg.png
洋裝,"NT$ 1,490",金色滾邊洋裝,https://static.zara.net/stdstatic/1.26.1-b.1/images/transparent-bg.png
洋裝,NT$ 890,蕾絲洋裝,https://static.zara.net/stdstatic/1.26.1-b.1/images/transparent-bg.png
洋裝,"NT$ 1,490",背部設計長版襯衫,https://static.zara.net/stdstatic/1.26.1-b.1/images/transparent-bg.png
洋裝,NT$ 990,STUDIO 系列佩斯利圖騰拼綴長襯裙,https://static.zara.net/stdstatic/1.26.1-b.1/images/transparent-bg.png
牛仔褲,"NT$ 1,190",高腰牛仔褲,https://static.zara.net/stdstatic/1.26.1-b.1/images/transparent-bg.png
牛仔褲,NT$ 990,側身仿舊效果牛仔褲,https://static.zara.net/stdstatic/1.26.1-b.1/images/transparent-bg.png
牛仔褲,"NT$ 1,490",緊身牛仔褲,https://static.zara.net/stdstatic/1.26.1-b.1/images/transparent-bg.png
牛仔褲,NT$ 990,中腰長褲,https://static.zara.net/stdstatic/1.26.1-b.1/images/transparent-bg.png
牛仔褲,"NT$ 1,790",緊身長褲,https://static.zara.net/stdstatic/1.26.1-b.1/images/transparent-bg.png
牛仔褲,NT$ 990,中腰牛仔褲,https://static.zara.net/stdstatic/1.26.1-b.1/images/transparent-bg.png
牛仔褲,"NT$ 1,490",牛仔寬管褲,https://static.zara.net/stdstatic/1.26.1-b.1/images/transparent-bg.png
牛仔褲,NT$ 890,休閒牛仔褲,https://static.zara.net/stdstatic/1.26.1-b.1/images/transparent-bg.png
牛仔褲,"NT$ 1,290",剪洞牛仔緊身褲,https://static.zara.net/stdstatic/1.26.1-b.1/images/transparent-bg.png
褲款,"NT$ 1,290",正裝中腰長褲,https://static.zara.net/stdstatic/1.26.1-b.1/images/transparent-bg.png
褲款,NT$ 890,側條紋長褲,https://static.zara.net/stdstatic/1.26.1-b.1/images/transparent-bg.png
褲款,"NT$ 1,990",印花褲,https://static.zara.net/stdstatic/1.26.1-b.1/images/transparent-bg.png
褲款,NT$ 790,腰帶扣環設計棉質長褲,https://static.zara.net/stdstatic/1.26.1-b.1/images/transparent-bg.png
褲款,"NT$ 1,290",提花荷葉邊長褲,https://static.zara.net/stdstatic/1.26.1-b.1/images/transparent-bg.png
褲款,NT$ 990,格紋寬管褲,https://static.zara.net/stdstatic/1.26.1-b.1/images/transparent-bg.png
褲款,"NT$ 1,490",慢跑褲,https://static.zara.net/stdstatic/1.26.1-b.1/images/transparent-bg.png
褲款,NT$ 990,慢跑長褲,https://static.zara.net/stdstatic/1.26.1-b.1/images/transparent-bg.png
褲款,"NT$ 1,490",縐綢休閒長褲,https://static.zara.net/stdstatic/1.26.1-b.1/images/transparent-bg.png
褲款,NT$ 790,高腰收腿褲,https://static.zara.net/stdstatic/1.26.1-b.1/images/transparent-bg.png
褲款,"NT$ 1,290",高腰及踝牛仔褲,https://static.zara.net/stdstatic/1.26.1-b.1/images/transparent-bg.png
褲款,NT$ 790,居家風長褲,https://static.zara.net/stdstatic/1.26.1-b.1/images/transparent-bg.png
洋裝,"NT$ 1,990",STUDIO 系列佩斯利圖騰拼綴長襯裙,https://static.zara.net/stdstatic/1.26.1-b.1/images/transparent-bg.png
洋裝,NT$ 990,及膝洋裝,https://static.zara.net/stdstatic/1.26.1-b.1/images/transparent-bg.png
洋裝,"NT$ 1,990",拉鍊小高領洋裝,https://static.zara.net/stdstatic/1.26.1-b.1/images/transparent-bg.png
連身褲,NT$ 990,閃亮天鵝絨連身長褲,https://static.zara.net/stdstatic/1.26.1-b.1/images/transparent-bg.png
短褲,NT$ 790,動物斑紋印花短褲,https://static.zara.net/stdstatic/1.26.1-b.1/images/transparent-bg.png
褲款,"NT$ 1,290",休閒褲,https://static.zara.net/stdstatic/1.26.1-b.1/images/transparent-bg.png
褲款,NT$ 790,飄逸長褲,https://static.zara.net/stdstatic/1.26.1-b.1/images/transparent-bg.png
褲款,"NT$ 1,290",吊帶褲,https://static.zara.net/stdstatic/1.26.1-b.1/images/transparent-bg.png
褲款,NT$ 890,打褶府綢長褲,https://static.zara.net/stdstatic/1.26.1-b.1/images/transparent-bg.png
褲款,"NT$ 1,990",中腰緊身長褲,https://static.zara.net/stdstatic/1.26.1-b.1/images/transparent-bg.png
褲款,NT$ 890,中腰緊身長褲,https://static.zara.net/stdstatic/1.26.1-b.1/images/transparent-bg.png
褲款,"NT$ 1,990",寬管七分褲,https://static.zara.net/stdstatic/1.26.1-b.1/images/transparent-bg.png
褲款,NT$ 990,五口袋長褲,https://static.zara.net/stdstatic/1.26.1-b.1/images/transparent-bg.png
褲款,"NT$ 1,490",五口袋長褲,https://static.zara.net/stdstatic/1.26.1-b.1/images/transparent-bg.png
褲款,NT$ 990,經典款打褶長褲,https://static.zara.net/stdstatic/1.26.1-b.1/images/transparent-bg.png
洋裝,"NT$ 1,490",印花絲絨洋裝,https://static.zara.net/stdstatic/1.26.1-b.1/images/transparent-bg.png
洋裝,"NT$ 2,790",印花絲絨洋裝,https://static.zara.net/stdstatic/1.26.1-b.1/images/transparent-bg.png
洋裝,NT$ 990,寬襬短版洋裝,https://static.zara.net/stdstatic/1.26.1-b.1/images/transparent-bg.png
洋裝,"NT$ 1,990",中長版吊帶洋裝,https://static.zara.net/stdstatic/1.26.1-b.1/images/transparent-bg.png
洋裝,NT$ 990,亮面寬鬆連衣裙,https://static.zara.net/stdstatic/1.26.1-b.1/images/transparent-bg.png
洋裝,"NT$ 1,490",蕾絲中長洋裝,https://static.zara.net/stdstatic/1.26.1-b.1/images/transparent-bg.png
洋裝,"NT$ 1,490",亮片長版洋裝,https://static.zara.net/stdstatic/1.26.1-b.1/images/transparent-bg.png
洋裝,"NT$ 2,790",格紋洋裝,https://static.zara.net/stdstatic/1.26.1-b.1/images/transparent-bg.png
洋裝,NT$ 990,花卉補丁荷葉邊洋裝,https://static.zara.net/stdstatic/1.26.1-b.1/images/transparent-bg.png
洋裝,"NT$ 1,990",口袋洋裝,https://static.zara.net/stdstatic/1.26.1-b.1/images/transparent-bg.png
連身褲,"NT$ 2,790",荷葉邊天鵝絨連身長褲,https://static.zara.net/stdstatic/1.26.1-b.1/images/transparent-bg.png
連身褲,"NT$ 1,490",領口結飾連身長褲,https://static.zara.net/stdstatic/1.26.1-b.1/images/transparent-bg.png
連身褲,"NT$ 3,490",繞頸吊帶連身短褲,https://static.zara.net/stdstatic/1.26.1-b.1/images/transparent-bg.png
連身褲,NT$ 990,花卉印花連身長褲,https://static.zara.net/stdstatic/1.26.1-b.1/images/transparent-bg.png
連身褲,"NT$ 1,990",附腰帶連身長褲,https://static.zara.net/stdstatic/1.26.1-b.1/images/transparent-bg.png
連身褲,NT$ 590,交叉領口連身長褲,https://static.zara.net/stdstatic/1.26.1-b.1/images/transparent-bg.png
連身褲,"NT$ 1,290",交叉設計連身長褲,https://static.zara.net/stdstatic/1.26.1-b.1/images/transparent-bg.png
連身褲,NT$ 990,繞頸吊帶連體褲,https://static.zara.net/stdstatic/1.26.1-b.1/images/transparent-bg.png
連身褲,"NT$ 1,490",連身短褲,https://static.zara.net/stdstatic/1.26.1-b.1/images/transparent-bg.png
連身褲,"NT$ 1,490",連身褲裙,https://static.zara.net/stdstatic/1.26.1-b.1/images/transparent-bg.png
連身褲,"NT$ 2,790",百褶連身短褲,https://static.zara.net/stdstatic/1.26.1-b.1/images/transparent-bg.png
連身褲,"NT$ 1,490",印花連身長褲,https://static.zara.net/stdstatic/1.26.1-b.1/images/transparent-bg.png
短褲,"NT$ 1,290",側身鑲邊帶飾短褲,https://static.zara.net/stdstatic/1.26.1-b.1/images/transparent-bg.png
短褲,NT$ 790,緞面短褲,https://static.zara.net/stdstatic/1.26.1-b.1/images/transparent-bg.png
短褲,"NT$ 1,290",鳳梨印花短褲,https://static.zara.net/stdstatic/1.26.1-b.1/images/transparent-bg.png
短褲,NT$ 790,星星印花短褲,https://static.zara.net/stdstatic/1.26.1-b.1/images/transparent-bg.png
短褲,"NT$ 1,290",口袋短褲,https://static.zara.net/stdstatic/1.26.1-b.1/images/transparent-bg.png
褲款,"NT$ 1,490",中腰緊身長褲,https://static.zara.net/stdstatic/1.26.1-b.1/images/transparent-bg.png
褲款,NT$ 990,緹花短褲裙,https://static.zara.net/stdstatic/1.26.1-b.1/images/transparent-bg.png
褲款,"NT$ 1,490",緹花短褲裙,https://static.zara.net/stdstatic/1.26.1-b.1/images/transparent-bg.png
褲款,NT$ 640,格紋長褲,https://static.zara.net/stdstatic/1.26.1-b.1/images/transparent-bg.png
褲款,NT$ 990,寬管七分褲,https://static.zara.net/stdstatic/1.26.1-b.1/images/transparent-bg.png
褲款,NT$ 790,附腰帶中腰長褲,https://static.zara.net/stdstatic/1.26.1-b.1/images/transparent-bg.png
褲款,"NT$ 1,190",休閒褲,https://static.zara.net/stdstatic/1.26.1-b.1/images/transparent-bg.png
褲款,NT$ 790,高腰緊身長褲,https://static.zara.net/stdstatic/1.26.1-b.1/images/transparent-bg.png
洋裝,NT$ 990,閃亮長版洋裝,https://static.zara.net/stdstatic/1.26.1-b.1/images/transparent-bg.png
洋裝,"NT$ 1,990",閃亮長版洋裝,https://static.zara.net/stdstatic/1.26.1-b.1/images/transparent-bg.png
洋裝,NT$ 990,花卉印花長版洋裝,https://static.zara.net/stdstatic/1.26.1-b.1/images/transparent-bg.png
洋裝,"NT$ 1,990",加大碼洋裝,https://static.zara.net/stdstatic/1.26.1-b.1/images/transparent-bg.png
上衣,"NT$ 1,290",中長版洋裝,https://static.zara.net/stdstatic/1.26.1-b.1/images/transparent-bg.png
連身褲,"NT$ 2,790",連身七分褲,https://static.zara.net/stdstatic/1.26.1-b.1/images/transparent-bg.png
連身褲,NT$ 990,花卉印花連身長褲,https://static.zara.net/stdstatic/1.26.1-b.1/images/transparent-bg.png
連身褲,"NT$ 1,990",腰身打褶連身褲,https://static.zara.net/stdstatic/1.26.1-b.1/images/transparent-bg.png
連身褲,NT$ 990,蕾絲連身長褲,https://static.zara.net/stdstatic/1.26.1-b.1/images/transparent-bg.png
連身褲,"NT$ 1,990",三色連身長褲,https://static.zara.net/stdstatic/1.26.1-b.1/images/transparent-bg.png
連身褲,NT$ 590,荷葉邊斜肩連身長褲,https://static.zara.net/stdstatic/1.26.1-b.1/images/transparent-bg.png
連身褲,"NT$ 1,290",府綢連身長褲,https://static.zara.net/stdstatic/1.26.1-b.1/images/transparent-bg.png
連身褲,NT$ 890,拼接連身短褲,https://static.zara.net/stdstatic/1.26.1-b.1/images/transparent-bg.png
連身褲,"NT$ 1,490",長袖連身長褲,https://static.zara.net/stdstatic/1.26.1-b.1/images/transparent-bg.png
連身褲,"NT$ 1,490",拉鍊連身褲,https://static.zara.net/stdstatic/1.26.1-b.1/images/transparent-bg.png
連身褲,"NT$ 2,790",拉鍊連身褲,https://static.zara.net/stdstatic/1.26.1-b.1/images/transparent-bg.png
連身褲,NT$ 990,露背連身長褲,https://static.zara.net/stdstatic/1.26.1-b.1/images/transparent-bg.png
連身褲,"NT$ 1,990",連身七分褲,https://static.zara.net/stdstatic/1.26.1-b.1/images/transparent-bg.png
短褲,NT$ 640,印花短褲,https://static.zara.net/stdstatic/1.26.1-b.1/images/transparent-bg.png
短褲,NT$ 990,彈性腰身短褲,https://static.zara.net/stdstatic/1.26.1-b.1/images/transparent-bg.png
短褲,NT$ 790,剪洞牛仔短褲,https://static.zara.net/stdstatic/1.26.1-b.1/images/transparent-bg.png
短褲,"NT$ 1,290",迷你褲裙,https://static.zara.net/stdstatic/1.26.1-b.1/images/transparent-bg.png
短褲,NT$ 640,媽咪版牛仔短褲,https://static.zara.net/stdstatic/1.26.1-b.1/images/transparent-bg.png
短褲,"NT$ 1,190",高腰牛仔短褲,https://static.zara.net/stdstatic/1.26.1-b.1/images/transparent-bg.png
短褲,NT$ 490,提花高腰短褲,https://static.zara.net/stdstatic/1.26.1-b.1/images/transparent-bg.png
短褲,NT$ 890,合身曲線牛仔短褲,https://static.zara.net/stdstatic/1.26.1-b.1/images/transparent-bg.png
短褲,NT$ 640,紐扣短褲,https://static.zara.net/stdstatic/1.26.1-b.1/images/transparent-bg.png
短褲,"NT$ 1,190",人造皮短褲,https://static.zara.net/stdstatic/1.26.1-b.1/images/transparent-bg.png
短褲,NT$ 640,印字復古短褲,https://static.zara.net/stdstatic/1.26.1-b.1/images/transparent-bg.png
短褲,"NT$ 1,190",波卡圓點短褲裙,https://static.zara.net/stdstatic/1.26.1-b.1/images/transparent-bg.png
短褲,NT$ 490,府綢寬短版褲裙,https://static.zara.net/stdstatic/1.26.1-b.1/images/transparent-bg.png
短褲,NT$ 890,交叉帶褲裙,https://static.zara.net/stdstatic/1.26.1-b.1/images/transparent-bg.png
褲款,"NT$ 1,290",寬管七分褲,https://static.zara.net/stdstatic/1.26.1-b.1/images/transparent-bg.png
褲款,NT$ 990,絨面人造皮寬管褲,https://static.zara.net/stdstatic/1.26.1-b.1/images/transparent-bg.png
褲款,"NT$ 1,490",抽繩褲腰長褲,https://static.zara.net/stdstatic/1.26.1-b.1/images/transparent-bg.png
褲款,NT$ 790,抽繩海盜褲,https://static.zara.net/stdstatic/1.26.1-b.1/images/transparent-bg.png
褲款,"NT$ 1,290",緊身長褲,https://static.zara.net/stdstatic/1.26.1-b.1/images/transparent-bg.png
褲款,NT$ 890,抽繩海盜褲,https://static.zara.net/stdstatic/1.26.1-b.1/images/transparent-bg.png
褲款,"NT$ 1,990",飄逸吊襠長褲,https://static.zara.net/stdstatic/1.26.1-b.1/images/transparent-bg.png
褲款,NT$ 990,亮片寬管長褲,https://static.zara.net/stdstatic/1.26.1-b.1/images/transparent-bg.png
洋裝,NT$ 990,天鵝絨洋裝,https://static.zara.net/stdstatic/1.26.1-b.1/images/transparent-bg.png
洋裝,"NT$ 1,990",挖肩洋裝,https://static.zara.net/stdstatic/1.26.1-b.1/images/transparent-bg.png
洋裝,"NT$ 1,190",格紋面料連衣裙,https://static.zara.net/stdstatic/1.26.1-b.1/images/transparent-bg.png
洋裝,"NT$ 1,490",星星印花洋裝,https://static.zara.net/stdstatic/1.26.1-b.1/images/transparent-bg.png
洋裝,"NT$ 1,290",天鵝絨洋裝,https://static.zara.net/stdstatic/1.26.1-b.1/images/transparent-bg.png
洋裝,"NT$ 1,990",運動風短版洋裝,https://static.zara.net/stdstatic/1.26.1-b.1/images/transparent-bg.png
洋裝,NT$ 990,縐綢洋裝,https://static.zara.net/stdstatic/1.26.1-b.1/images/transparent-bg.png
洋裝,"NT$ 1,990",亮面寬鬆連衣裙,https://static.zara.net/stdstatic/1.26.1-b.1/images/transparent-bg.png
洋裝,NT$ 890,荷葉邊牛仔洋裝,https://static.zara.net/stdstatic/1.26.1-b.1/images/transparent-bg.png
上衣,"NT$ 1,990",雙色蕾絲上衣,https://static.zara.net/stdstatic/1.26.1-b.1/images/transparent-bg.png
上衣,NT$ 790,露肩上衣,https://static.zara.net/stdstatic/1.26.1-b.1/images/transparent-bg.png
上衣,"NT$ 1,490",蕾絲上衣,https://static.zara.net/stdstatic/1.26.1-b.1/images/transparent-bg.png
上衣,NT$ 790,蕾絲荷葉邊上衣,https://static.zara.net/stdstatic/1.26.1-b.1/images/transparent-bg.png
上衣,"NT$ 1,290",蕾絲荷葉邊上衣,https://static.zara.net/stdstatic/1.26.1-b.1/images/transparent-bg.png
上衣,NT$ 790,動物斑紋印花細吊帶內衣式上衣,https://static.zara.net/stdstatic/1.26.1-b.1/images/transparent-bg.png
上衣,"NT$ 1,290",動物斑紋印花襯衫,https://static.zara.net/stdstatic/1.26.1-b.1/images/transparent-bg.png
上衣,NT$ 390,斑紋印花上衣,https://static.zara.net/stdstatic/1.26.1-b.1/images/transparent-bg.png
上衣,NT$ 790,金屬色短版上衣,https://static.zara.net/stdstatic/1.26.1-b.1/images/transparent-bg.png
上衣,NT$ 390,蕾絲鑲邊吊帶上衣,https://static.zara.net/stdstatic/1.26.1-b.1/images/transparent-bg.png
上衣,NT$ 790,拼接百褶上衣,https://static.zara.net/stdstatic/1.26.1-b.1/images/transparent-bg.png
上衣,NT$ 640,透視細肩帶洋裝,https://static.zara.net/stdstatic/1.26.1-b.1/images/transparent-bg.png
上衣,NT$ 990,露肩罩衫,https://static.zara.net/stdstatic/1.26.1-b.1/images/transparent-bg.png
上衣,NT$ 790,露背上衣,https://static.zara.net/stdstatic/1.26.1-b.1/images/transparent-bg.png
上衣,"NT$ 1,290",透視長版上衣,https://static.zara.net/stdstatic/1.26.1-b.1/images/transparent-bg.png
連身褲,NT$ 990,連身七分褲,https://static.zara.net/stdstatic/1.26.1-b.1/images/transparent-bg.png
連身褲,"NT$ 1,990",羅紋長袖連身長褲,https://static.zara.net/stdstatic/1.26.1-b.1/images/transparent-bg.png
連身褲,NT$ 990,天鵝絨連身長褲,https://static.zara.net/stdstatic/1.26.1-b.1/images/transparent-bg.png
連身褲,"NT$ 1,490",條紋天鵝絨連身長褲,https://static.zara.net/stdstatic/1.26.1-b.1/images/transparent-bg.png
連身褲,"NT$ 1,490",拉鍊連身長褲,https://static.zara.net/stdstatic/1.26.1-b.1/images/transparent-bg.png
短褲,NT$ 640,按扣高腰短褲,https://static.zara.net/stdstatic/1.26.1-b.1/images/transparent-bg.png
短褲,"NT$ 1,190",高腰牛仔短褲,https://static.zara.net/stdstatic/1.26.1-b.1/images/transparent-bg.png
短褲,NT$ 640,花卉刺繡短褲,https://static.zara.net/stdstatic/1.26.1-b.1/images/transparent-bg.png
短褲,"NT$ 1,190",手帕裝飾牛仔短褲,https://static.zara.net/stdstatic/1.26.1-b.1/images/transparent-bg.png
褲款,"NT$ 1,490",多色條紋長褲,https://static.zara.net/stdstatic/1.26.1-b.1/images/transparent-bg.png
褲款,NT$ 890,高彈性高腰緊身褲,https://static.zara.net/stdstatic/1.26.1-b.1/images/transparent-bg.png
褲款,"NT$ 2,790",高腰緊身褲,https://static.zara.net/stdstatic/1.26.1-b.1/images/transparent-bg.png
褲款,NT$ 990,軍風長褲,https://static.zara.net/stdstatic/1.26.1-b.1/images/transparent-bg.png
褲款,"NT$ 1,490",印花寬管長褲,https://static.zara.net/stdstatic/1.26.1-b.1/images/transparent-bg.png
洋裝,"NT$ 1,490",細吊帶背心,https://static.zara.net/stdstatic/1.26.1-b.1/images/transparent-bg.png
洋裝,NT$ 990,長袖洋裝,https://static.zara.net/stdstatic/1.26.1-b.1/images/transparent-bg.png
洋裝,"NT$ 1,990",長袖洋裝,https://static.zara.net/stdstatic/1.26.1-b.1/images/transparent-bg.png
洋裝,NT$ 590,修身版洋裝,https://static.zara.net/stdstatic/1.26.1-b.1/images/transparent-bg.png
洋裝,"NT$ 1,290",修身版洋裝,https://static.zara.net/stdstatic/1.26.1-b.1/images/transparent-bg.png
洋裝,NT$ 990,三色洋裝,https://static.zara.net/stdstatic/1.26.1-b.1/images/transparent-bg.png
洋裝,"NT$ 1,990",中長版合身洋裝,https://static.zara.net/stdstatic/1.26.1-b.1/images/transparent-bg.png
洋裝,NT$ 590,蕾絲洋裝,https://static.zara.net/stdstatic/1.26.1-b.1/images/transparent-bg.png
洋裝,NT$ 990,人造皮洋裝,https://static.zara.net/stdstatic/1.26.1-b.1/images/transparent-bg.png
洋裝,"NT$ 1,490",天鵝絨挖肩洋裝,https://static.zara.net/stdstatic/1.26.1-b.1/images/transparent-bg.png
洋裝,"NT$ 2,790",短版洋裝,https://static.zara.net/stdstatic/1.26.1-b.1/images/transparent-bg.png
洋裝,NT$ 990,花卉印花洋裝,https://static.zara.net/stdstatic/1.26.1-b.1/images/transparent-bg.png
上衣,NT$ 790,蕾絲荷葉邊上衣,https://static.zara.net/stdstatic/1.26.1-b.1/images/transparent-bg.png
上衣,"NT$ 1,290",斜肩上衣,https://static.zara.net/stdstatic/1.26.1-b.1/images/transparent-bg.png
上衣,NT$ 790,星星印花襯衫,https://static.zara.net/stdstatic/1.26.1-b.1/images/transparent-bg.png
上衣,"NT$ 1,490",印花上衣,https://static.zara.net/stdstatic/1.26.1-b.1/images/transparent-bg.png
上衣,NT$ 790,刺繡上衣,https://static.zara.net/stdstatic/1.26.1-b.1/images/transparent-bg.png
上衣,NT$ 990,提花上衣,https://static.zara.net/stdstatic/1.26.1-b.1/images/transparent-bg.png
上衣,NT$ 790,格紋襯衫,https://static.zara.net/stdstatic/1.26.1-b.1/images/transparent-bg.png
上衣,"NT$ 1,290",天鵝絨上衣,https://static.zara.net/stdstatic/1.26.1-b.1/images/transparent-bg.png
上衣,NT$ 790,荷葉邊府綢罩衫,https://static.zara.net/stdstatic/1.26.1-b.1/images/transparent-bg.png
上衣,"NT$ 1,490",條紋蓬蓬袖襯衫,https://static.zara.net/stdstatic/1.26.1-b.1/images/transparent-bg.png
上衣,NT$ 790,印花雙層荷葉邊上衣,https://static.zara.net/stdstatic/1.26.1-b.1/images/transparent-bg.png
上衣,"NT$ 1,490",不對稱設計緞面上衣,https://static.zara.net/stdstatic/1.26.1-b.1/images/transparent-bg.png
連身褲,"NT$ 3,990",露背連身短褲,https://static.zara.net/stdstatic/1.26.1-b.1/images/transparent-bg.png
連身褲,"NT$ 1,490",開叉連身長褲,https://static.zara.net/stdstatic/1.26.1-b.1/images/transparent-bg.png
連身褲,"NT$ 2,790",寬擺飄逸連身短褲,https://static.zara.net/stdstatic/1.26.1-b.1/images/transparent-bg.png
連身褲,NT$ 790,V 領連身長褲,https://static.zara.net/stdstatic/1.26.1-b.1/images/transparent-bg.png
連身褲,"NT$ 1,290",結飾無袖連身長褲,https://static.zara.net/stdstatic/1.26.1-b.1/images/transparent-bg.png
褲款,NT$ 790,側帶飾長褲,https://static.zara.net/stdstatic/1.26.1-b.1/images/transparent-bg.png
褲款,"NT$ 1,290",府綢寬鬆長褲,https://static.zara.net/stdstatic/1.26.1-b.1/images/transparent-bg.png
褲款,NT$ 890,金色合身長褲,https://static.zara.net/stdstatic/1.26.1-b.1/images/transparent-bg.png
褲款,"NT$ 2,790",閃亮提花長褲,https://static.zara.net/stdstatic/1.26.1-b.1/images/transparent-bg.png
褲款,NT$ 990,印花褲裙,https://static.zara.net/stdstatic/1.26.1-b.1/images/transparent-bg.png
褲款,"NT$ 1,490",軍風工裝褲,https://static.zara.net/stdstatic/1.26.1-b.1/images/transparent-bg.png
褲款,NT$ 890,飄逸吊襠長褲,https://static.zara.net/stdstatic/1.26.1-b.1/images/transparent-bg.png
褲款,"NT$ 1,990",閃亮長褲,https://static.zara.net/stdstatic/1.26.1-b.1/images/transparent-bg.png
褲款,NT$ 990,UNGENDERED 系列長褲,https://static.zara.net/stdstatic/1.26.1-b.1/images/transparent-bg.png
褲款,"NT$ 1,490",運動褲,https://static.zara.net/stdstatic/1.26.1-b.1/images/transparent-bg.png
褲款,NT$ 790,運動褲,https://static.zara.net/stdstatic/1.26.1-b.1/images/transparent-bg.png
褲款,"NT$ 1,290",休閒長褲,https://static.zara.net/stdstatic/1.26.1-b.1/images/transparent-bg.png
洋裝,"NT$ 1,990",印花洋裝,https://static.zara.net/stdstatic/1.26.1-b.1/images/transparent-bg.png
洋裝,NT$ 590,打底上衣設計短版洋裝,https://static.zara.net/stdstatic/1.26.1-b.1/images/transparent-bg.png
洋裝,"NT$ 1,290",寬襬洋裝,https://static.zara.net/stdstatic/1.26.1-b.1/images/transparent-bg.png
洋裝,NT$ 990,薄紗荷葉邊洋裝,https://static.zara.net/stdstatic/1.26.1-b.1/images/transparent-bg.png
洋裝,"NT$ 2,490",不對稱設計洋裝,https://static.zara.net/stdstatic/1.26.1-b.1/images/transparent-bg.png
洋裝,NT$ 890,人造皮不對稱斜肩洋裝,https://static.zara.net/stdstatic/1.26.1-b.1/images/transparent-bg.png
洋裝,"NT$ 1,490",提花加大碼洋裝,https://static.zara.net/stdstatic/1.26.1-b.1/images/transparent-bg.png
洋裝,"NT$ 1,490",束腰洋裝,https://static.zara.net/stdstatic/1.26.1-b.1/images/transparent-bg.png
上衣,"NT$ 1,290",格紋罩衫,https://static.zara.net/stdstatic/1.26.1-b.1/images/transparent-bg.png
上衣,"NT$ 1,990",印花上衣,https://static.zara.net/stdstatic/1.26.1-b.1/images/transparent-bg.png
上衣,"NT$ 1,290",不對稱長版上衣,https://static.zara.net/stdstatic/1.26.1-b.1/images/transparent-bg.png
上衣,"NT$ 1,990",格紋加大碼襯衫,https://static.zara.net/stdstatic/1.26.1-b.1/images/transparent-bg.png
上衣,NT$ 790,格紋加大碼襯衫,https://static.zara.net/stdstatic/1.26.1-b.1/images/transparent-bg.png
上衣,"NT$ 1,490",格紋加大碼襯衫,https://static.zara.net/stdstatic/1.26.1-b.1/images/transparent-bg.png
上衣,NT$ 790,格紋加大碼襯衫,https://static.zara.net/stdstatic/1.26.1-b.1/images/transparent-bg.png
上衣,"NT$ 1,490",印花上衣,https://static.zara.net/stdstatic/1.26.1-b.1/images/transparent-bg.png
上衣,NT$ 640,閃亮拼綴長版上衣,https://static.zara.net/stdstatic/1.26.1-b.1/images/transparent-bg.png
上衣,NT$ 990,補丁條紋襯衫,https://static.zara.net/stdstatic/1.26.1-b.1/images/transparent-bg.png
連身褲,NT$ 990,彈性腰身連身長褲,https://static.zara.net/stdstatic/1.26.1-b.1/images/transparent-bg.png
連身褲,"NT$ 1,990",蕾絲內衣式連身短褲,https://static.zara.net/stdstatic/1.26.1-b.1/images/transparent-bg.png
連身褲,NT$ 890,低腰連體褲,https://static.zara.net/stdstatic/1.26.1-b.1/images/transparent-bg.png
連身褲,"NT$ 1,490",吊帶連身長褲,https://static.zara.net/stdstatic/1.26.1-b.1/images/transparent-bg.png
連身褲,NT$ 890,吊帶連身長褲,https://static.zara.net/stdstatic/1.26.1-b.1/images/transparent-bg.png
連身褲,"NT$ 1,490",低腰連體褲,https://static.zara.net/stdstatic/1.26.1-b.1/images/transparent-bg.png
褲款,NT$ 890,彈性褲腰長褲,https://static.zara.net/stdstatic/1.26.1-b.1/images/transparent-bg.png
褲款,"NT$ 1,990",喇叭褲,https://static.zara.net/stdstatic/1.26.1-b.1/images/transparent-bg.png
褲款,NT$ 990,閃亮面料寬管長褲,https://static.zara.net/stdstatic/1.26.1-b.1/images/transparent-bg.png
褲款,"NT$ 1,490",天鵝絨寬管長褲,https://static.zara.net/stdstatic/1.26.1-b.1/images/transparent-bg.png
褲款,NT$ 790,開叉七分褲,https://static.zara.net/stdstatic/1.26.1-b.1/images/transparent-bg.png
褲款,"NT$ 1,290",印花飄逸長褲,https://static.zara.net/stdstatic/1.26.1-b.1/images/transparent-bg.png
褲款,NT$ 990,合身緊身褲,https://static.zara.net/stdstatic/1.26.1-b.1/images/transparent-bg.png
褲款,"NT$ 1,490",條紋七分長褲,https://static.zara.net/stdstatic/1.26.1-b.1/images/transparent-bg.png
洋裝,"NT$ 3,990",T 恤式閃亮洋裝,https://static.zara.net/stdstatic/1.26.1-b.1/images/transparent-bg.png
洋裝,"NT$ 1,490",刺繡設計 T 恤拼接洋裝,https://static.zara.net/stdstatic/1.26.1-b.1/images/transparent-bg.png
洋裝,"NT$ 3,990",口袋拼接洋裝,https://static.zara.net/stdstatic/1.26.1-b.1/images/transparent-bg.png
洋裝,"NT$ 1,490",基本款洋裝,https://static.zara.net/stdstatic/1.26.1-b.1/images/transparent-bg.png
洋裝,"NT$ 2,790",拼接運動衫洋裝,https://static.zara.net/stdstatic/1.26.1-b.1/images/transparent-bg.png
洋裝,NT$ 590,蕾絲裝飾印花連衣裙,https://static.zara.net/stdstatic/1.26.1-b.1/images/transparent-bg.png
上衣,NT$ 640,荷葉邊與蝴蝶結設計長袖罩衫,https://static.zara.net/stdstatic/1.26.1-b.1/images/transparent-bg.png
上衣,"NT$ 1,290",短版襯衫,https://static.zara.net/stdstatic/1.26.1-b.1/images/transparent-bg.png
上衣,NT$ 790,腰帶設計印花罩衫,https://static.zara.net/stdstatic/1.26.1-b.1/images/transparent-bg.png
上衣,"NT$ 1,490",交叉領口短上衣,https://static.zara.net/stdstatic/1.26.1-b.1/images/transparent-bg.png
上衣,"NT$ 1,290",天鵝絨細節背心,https://static.zara.net/stdstatic/1.26.1-b.1/images/transparent-bg.png
上衣,"NT$ 1,990",燈籠袖上衣,https://static.zara.net/stdstatic/1.26.1-b.1/images/transparent-bg.png
上衣,NT$ 790,緞面外套,https://static.zara.net/stdstatic/1.26.1-b.1/images/transparent-bg.png
上衣,"NT$ 1,290",垂褶結飾罩衫,https://static.zara.net/stdstatic/1.26.1-b.1/images/transparent-bg.png
上衣,NT$ 640,縫線設計短版上衣,https://static.zara.net/stdstatic/1.26.1-b.1/images/transparent-bg.png
上衣,NT$ 990,印花結飾上衣,https://static.zara.net/stdstatic/1.26.1-b.1/images/transparent-bg.png
上衣,NT$ 790,印花吊帶上衣,https://static.zara.net/stdstatic/1.26.1-b.1/images/transparent-bg.png
上衣,"NT$ 1,490",印花高領罩衫,https://static.zara.net/stdstatic/1.26.1-b.1/images/transparent-bg.png
上衣,NT$ 790,內衣式上衣,https://static.zara.net/stdstatic/1.26.1-b.1/images/transparent-bg.png
上衣,"NT$ 1,490",口袋條紋加大碼襯衫,https://static.zara.net/stdstatic/1.26.1-b.1/images/transparent-bg.png
連身褲,"NT$ 1,490",V 領連身短褲,https://static.zara.net/stdstatic/1.26.1-b.1/images/transparent-bg.png
連身褲,"NT$ 2,790",紐扣連身短褲,https://static.zara.net/stdstatic/1.26.1-b.1/images/transparent-bg.png
連身褲,"NT$ 1,490",幾何印花連身短褲,https://static.zara.net/stdstatic/1.26.1-b.1/images/transparent-bg.png
連身褲,"NT$ 3,490",連身短褲,https://static.zara.net/stdstatic/1.26.1-b.1/images/transparent-bg.png
連身褲,"NT$ 1,490",連身短褲,https://static.zara.net/stdstatic/1.26.1-b.1/images/transparent-bg.png
連身褲,"NT$ 3,490",拉鍊連體長褲,https://static.zara.net/stdstatic/1.26.1-b.1/images/transparent-bg.png
連身褲,NT$ 990,印花拼接連身短褲,https://static.zara.net/stdstatic/1.26.1-b.1/images/transparent-bg.png
連身褲,"NT$ 1,990",低胸洋裝,https://static.zara.net/stdstatic/1.26.1-b.1/images/transparent-bg.png
連身褲,NT$ 990,印花交叉 V 領連身長褲,https://static.zara.net/stdstatic/1.26.1-b.1/images/transparent-bg.png
褲款,NT$ 790,荷葉邊褲腳長褲,https://static.zara.net/stdstatic/1.26.1-b.1/images/transparent-bg.png
褲款,"NT$ 1,190",側邊帶飾運動褲,https://static.zara.net/stdstatic/1.26.1-b.1/images/transparent-bg.png
褲款,NT$ 790,銀色緊身褲,https://static.zara.net/stdstatic/1.26.1-b.1/images/transparent-bg.png
褲款,"NT$ 1,190",腰帶打結七分褲,https://static.zara.net/stdstatic/1.26.1-b.1/images/transparent-bg.png
褲款,"NT$ 1,190",閃亮荷葉邊長褲,https://static.zara.net/stdstatic/1.26.1-b.1/images/transparent-bg.png
褲款,"NT$ 1,490",天鵝絨長褲,https://static.zara.net/stdstatic/1.26.1-b.1/images/transparent-bg.png
洋裝,"NT$ 1,290",基本款洋裝,https://static.zara.net/stdstatic/1.26.1-b.1/images/transparent-bg.png
洋裝,NT$ 640,打底 T 恤設計拉鍊洋裝,https://static.zara.net/stdstatic/1.26.1-b.1/images/transparent-bg.png
洋裝,"NT$ 1,490",挖肩洋裝,https://static.zara.net/stdstatic/1.26.1-b.1/images/transparent-bg.png
洋裝,NT$ 640,印花網眼洋裝,https://static.zara.net/stdstatic/1.26.1-b.1/images/transparent-bg.png
洋裝,"NT$ 1,490",挖肩洋裝,https://static.zara.net/stdstatic/1.26.1-b.1/images/transparent-bg.png
洋裝,NT$ 990,平絨短版洋裝,https://static.zara.net/stdstatic/1.26.1-b.1/images/transparent-bg.png
洋裝,"NT$ 1,990",合身中長版洋裝,https://static.zara.net/stdstatic/1.26.1-b.1/images/transparent-bg.png
上衣,NT$ 790,動物斑紋印花上衣,https://static.zara.net/stdstatic/1.26.1-b.1/images/transparent-bg.png
上衣,"NT$ 1,290",格紋襯衫,https://static.zara.net/stdstatic/1.26.1-b.1/images/transparent-bg.png
上衣,"NT$ 1,290",印花上衣,https://static.zara.net/stdstatic/1.26.1-b.1/images/transparent-bg.png
連身褲,"NT$ 1,990",拉鍊連身長褲,https://static.zara.net/stdstatic/1.26.1-b.1/images/transparent-bg.png
連身褲,NT$ 640,內衣式連身長褲,https://static.zara.net/stdstatic/1.26.1-b.1/images/transparent-bg.png
連身褲,"NT$ 1,490",寬管七分背帶褲,https://static.zara.net/stdstatic/1.26.1-b.1/images/transparent-bg.png
連身褲,NT$ 790,寬管七分背帶褲,https://static.zara.net/stdstatic/1.26.1-b.1/images/transparent-bg.png
連身褲,"NT$ 1,190",荷葉邊連身短褲,https://static.zara.net/stdstatic/1.26.1-b.1/images/transparent-bg.png
連身褲,NT$ 640,連身寬管長褲,https://static.zara.net/stdstatic/1.26.1-b.1/images/transparent-bg.png
連身褲,"NT$ 1,490",薄紗連身長褲,https://static.zara.net/stdstatic/1.26.1-b.1/images/transparent-bg.png
連身褲,NT$ 790,肩部細節背帶褲,https://static.zara.net/stdstatic/1.26.1-b.1/images/transparent-bg.png
褲款,NT$ 890,休閒褲 #JOINLIFE,https://static.zara.net/stdstatic/1.26.1-b.1/images/transparent-bg.png
褲款,"NT$ 1,990",休閒褲,https://static.zara.net/stdstatic/1.26.1-b.1/images/transparent-bg.png
褲款,NT$ 790,吊襠慢跑褲,https://static.zara.net/stdstatic/1.26.1-b.1/images/transparent-bg.png
洋裝,NT$ 990,挖肩洋裝,https://static.zara.net/stdstatic/1.26.1-b.1/images/transparent-bg.png
洋裝,"NT$ 1,490",閃亮合身洋裝,https://static.zara.net/stdstatic/1.26.1-b.1/images/transparent-bg.png
洋裝,NT$ 490,襯衫式洋裝,https://static.zara.net/stdstatic/1.26.1-b.1/images/transparent-bg.png
洋裝,NT$ 890,荷葉邊閃亮連衣裙,https://static.zara.net/stdstatic/1.26.1-b.1/images/transparent-bg.png
洋裝,"NT$ 1,490",蝴蝶結背帶洋裝,https://static.zara.net/stdstatic/1.26.1-b.1/images/transparent-bg.png
洋裝,"NT$ 2,790",印花中長版洋裝,https://static.zara.net/stdstatic/1.26.1-b.1/images/transparent-bg.png
上衣,"NT$ 1,990",印花加大碼罩衫,https://static.zara.net/stdstatic/1.26.1-b.1/images/transparent-bg.png
上衣,NT$ 790,內衣式上衣,https://static.zara.net/stdstatic/1.26.1-b.1/images/transparent-bg.png
上衣,"NT$ 1,490",條紋府綢罩衫,https://static.zara.net/stdstatic/1.26.1-b.1/images/transparent-bg.png
上衣,NT$ 640,荷葉邊長袖罩衫,https://static.zara.net/stdstatic/1.26.1-b.1/images/transparent-bg.png
上衣,"NT$ 1,290",刺繡棉緞上衣,https://static.zara.net/stdstatic/1.26.1-b.1/images/transparent-bg.png
上衣,NT$ 790,緞面外套,https://static.zara.net/stdstatic/1.26.1-b.1/images/transparent-bg.png
連身褲,"NT$ 1,290",雙層設計連身長褲,https://static.zara.net/stdstatic/1.26.1-b.1/images/transparent-bg.png
連身褲,NT$ 640,刺繡連身長褲,https://static.zara.net/stdstatic/1.26.1-b.1/images/transparent-bg.png
洋裝,NT$ 990,基本款洋裝,https://static.zara.net/stdstatic/1.26.1-b.1/images/transparent-bg.png
洋裝,"NT$ 1,990",口袋拼接洋裝,https://static.zara.net/stdstatic/1.26.1-b.1/images/transparent-bg.png
洋裝,NT$ 990,補丁洋裝,https://static.zara.net/stdstatic/1.26.1-b.1/images/transparent-bg.png
洋裝,"NT$ 1,990",金色蕾絲洋裝,https://static.zara.net/stdstatic/1.26.1-b.1/images/transparent-bg.png
洋裝,NT$ 990,補丁吊帶洋裝,https://static.zara.net/stdstatic/1.26.1-b.1/images/transparent-bg.png
洋裝,"NT$ 1,990",合身中長版洋裝,https://static.zara.net/stdstatic/1.26.1-b.1/images/transparent-bg.png
洋裝,NT$ 590,雙吊帶洋裝,https://static.zara.net/stdstatic/1.26.1-b.1/images/transparent-bg.png
洋裝,NT$ 990,雙吊帶洋裝,https://static.zara.net/stdstatic/1.26.1-b.1/images/transparent-bg.png
洋裝,NT$ 990,閃亮提花洋裝,https://static.zara.net/stdstatic/1.26.1-b.1/images/transparent-bg.png
洋裝,"NT$ 1,990",荷葉邊細吊帶洋裝,https://static.zara.net/stdstatic/1.26.1-b.1/images/transparent-bg.png
上衣,"NT$ 1,490",金屬色上衣,https://static.zara.net/stdstatic/1.26.1-b.1/images/transparent-bg.png
上衣,NT$ 790,亮片雙肩帶上衣,https://static.zara.net/stdstatic/1.26.1-b.1/images/transparent-bg.png
上衣,"NT$ 1,190",條紋加大碼襯衫,https://static.zara.net/stdstatic/1.26.1-b.1/images/transparent-bg.png
上衣,NT$ 790,條紋加大碼襯衫,https://static.zara.net/stdstatic/1.26.1-b.1/images/transparent-bg.png
上衣,"NT$ 1,190",垂褶上衣,https://static.zara.net/stdstatic/1.26.1-b.1/images/transparent-bg.png
上衣,NT$ 790,拼接針織上衣,https://static.zara.net/stdstatic/1.26.1-b.1/images/transparent-bg.png
上衣,"NT$ 1,190",格紋短版襯衫,https://static.zara.net/stdstatic/1.26.1-b.1/images/transparent-bg.png
上衣,NT$ 790,格紋上衣,https://static.zara.net/stdstatic/1.26.1-b.1/images/transparent-bg.png
洋裝,NT$ 990,蕾絲腰身拼接洋裝,https://static.zara.net/stdstatic/1.26.1-b.1/images/transparent-bg.png
洋裝,"NT$ 1,990",袋型天鵝絨連衣裙,https://static.zara.net/stdstatic/1.26.1-b.1/images/transparent-bg.png
洋裝,NT$ 990,袋型天鵝絨連衣裙,https://static.zara.net/stdstatic/1.26.1-b.1/images/transparent-bg.png
洋裝,"NT$ 1,990",格紋洋裝,https://static.zara.net/stdstatic/1.26.1-b.1/images/transparent-bg.png
洋裝,NT$ 490,碎褶下襬洋裝,https://static.zara.net/stdstatic/1.26.1-b.1/images/transparent-bg.png
上衣,"NT$ 1,190",背部設計襯衫,https://static.zara.net/stdstatic/1.26.1-b.1/images/transparent-bg.png
上衣,NT$ 640,人造皮短上衣,https://static.zara.net/stdstatic/1.26.1-b.1/images/transparent-bg.png
上衣,NT$ 990,棉緞罩衫,https://static.zara.net/stdstatic/1.26.1-b.1/images/transparent-bg.png
上衣,NT$ 790,特別版天鵝絨連體衣,https://static.zara.net/stdstatic/1.26.1-b.1/images/transparent-bg.png
上衣,"NT$ 1,490",印花土耳其式長袍,https://static.zara.net/stdstatic/1.26.1-b.1/images/transparent-bg.png
上衣,NT$ 790,加大碼襯衫,https://static.zara.net/stdstatic/1.26.1-b.1/images/transparent-bg.png
上衣,"NT$ 1,290",金屬鑲飾罩衫,https://static.zara.net/stdstatic/1.26.1-b.1/images/transparent-bg.png
上衣,"NT$ 1,290",基本款罩衫,https://static.zara.net/stdstatic/1.26.1-b.1/images/transparent-bg.png
上衣,"NT$ 1,990",刺繡府綢襯衫,https://static.zara.net/stdstatic/1.26.1-b.1/images/transparent-bg.png
上衣,NT$ 790,波卡圓點印花上衣,https://static.zara.net/stdstatic/1.26.1-b.1/images/transparent-bg.png
上衣,"NT$ 1,190",V 領長上衣,https://static.zara.net/stdstatic/1.26.1-b.1/images/transparent-bg.png
上衣,NT$ 790,人造寶石印花襯衫,https://static.zara.net/stdstatic/1.26.1-b.1/images/transparent-bg.png
洋裝,NT$ 690,背部蕾絲拼接印花洋裝,https://static.zara.net/stdstatic/1.26.1-b.1/images/transparent-bg.png
洋裝,NT$ 590,Neerumustriga salvrätikud (komplektis 4 tk),https://static.zara.net/stdstatic/1.26.1-b.1/images/transparent-bg.png
洋裝,NT$ 990,柔軟蕾絲洋裝,https://static.zara.net/stdstatic/1.26.1-b.1/images/transparent-bg.png
洋裝,NT$ 790,亮片洋裝,https://static.zara.net/stdstatic/1.26.1-b.1/images/transparent-bg.png
洋裝,"NT$ 1,190",加大碼洋裝,https://static.zara.net/stdstatic/1.26.1-b.1/images/transparent-bg.png
上衣,"NT$ 1,290",格紋長版上衣,https://static.zara.net/stdstatic/1.26.1-b.1/images/transparent-bg.png
上衣,NT$ 790,荷葉邊長袖罩衫,https://static.zara.net/stdstatic/1.26.1-b.1/images/transparent-bg.png
上衣,"NT$ 1,190",高領罩衫,https://static.zara.net/stdstatic/1.26.1-b.1/images/transparent-bg.png
上衣,NT$ 590,飄逸罩衫,https://static.zara.net/stdstatic/1.26.1-b.1/images/transparent-bg.png
上衣,NT$ 890,細條紋荷葉邊上衣,https://static.zara.net/stdstatic/1.26.1-b.1/images/transparent-bg.png
上衣,NT$ 790,加大碼襯衫,https://static.zara.net/stdstatic/1.26.1-b.1/images/transparent-bg.png
上衣,"NT$ 1,490",格紋上衣,https://static.zara.net/stdstatic/1.26.1-b.1/images/transparent-bg.png
上衣,NT$ 990,圓點上衣,https://static.zara.net/stdstatic/1.26.1-b.1/images/transparent-bg.png
上衣,"NT$ 1,490",船領襯衫,https://static.zara.net/stdstatic/1.26.1-b.1/images/transparent-bg.png
上衣,NT$ 790,亮片上衣,https://static.zara.net/stdstatic/1.26.1-b.1/images/transparent-bg.png
洋裝,NT$ 990,肩部鏤空洋裝,https://static.zara.net/stdstatic/1.26.1-b.1/images/transparent-bg.png
洋裝,"NT$ 1,990",天鵝絨迷你洋裝,https://static.zara.net/stdstatic/1.26.1-b.1/images/transparent-bg.png
洋裝,NT$ 890,刺繡中長版洋裝,https://static.zara.net/stdstatic/1.26.1-b.1/images/transparent-bg.png
洋裝,"NT$ 1,490",亮片短版洋裝,https://static.zara.net/stdstatic/1.26.1-b.1/images/transparent-bg.png
洋裝,NT$ 490,花卉印花洋裝,https://static.zara.net/stdstatic/1.26.1-b.1/images/transparent-bg.png
洋裝,NT$ 590,喇叭袖洋裝,https://static.zara.net/stdstatic/1.26.1-b.1/images/transparent-bg.png
洋裝,NT$ 890,口袋背帶短褲,https://static.zara.net/stdstatic/1.26.1-b.1/images/transparent-bg.png
上衣,"NT$ 1,290",提花牛津襯衫,https://static.zara.net/stdstatic/1.26.1-b.1/images/transparent-bg.png
上衣,NT$ 790,條紋加大碼襯衫,https://static.zara.net/stdstatic/1.26.1-b.1/images/transparent-bg.png
上衣,"NT$ 1,490",鏈條印花和雙層荷葉邊上衣,https://static.zara.net/stdstatic/1.26.1-b.1/images/transparent-bg.png
上衣,NT$ 640,蕾絲上衣,https://static.zara.net/stdstatic/1.26.1-b.1/images/transparent-bg.png
上衣,NT$ 990,荷葉邊印花上衣,https://static.zara.net/stdstatic/1.26.1-b.1/images/transparent-bg.png
上衣,NT$ 590,荷葉邊下襬提花上衣,https://static.zara.net/stdstatic/1.26.1-b.1/images/transparent-bg.png
上衣,NT$ 990,寬版罩衫,https://static.zara.net/stdstatic/1.26.1-b.1/images/transparent-bg.png
上衣,NT$ 790,金屬色上衣,https://static.zara.net/stdstatic/1.26.1-b.1/images/transparent-bg.png
上衣,"NT$ 1,290",鑲邊 T 恤,https://static.zara.net/stdstatic/1.26.1-b.1/images/transparent-bg.png
上衣,NT$ 390,補丁襯衫,https://static.zara.net/stdstatic/1.26.1-b.1/images/transparent-bg.png
上衣,NT$ 790,加大碼襯衫,https://static.zara.net/stdstatic/1.26.1-b.1/images/transparent-bg.png
上衣,NT$ 790,府綢露肩洋裝,https://static.zara.net/stdstatic/1.26.1-b.1/images/transparent-bg.png
上衣,"NT$ 1,490",露肩上衣,https://static.zara.net/stdstatic/1.26.1-b.1/images/transparent-bg.png
上衣,NT$ 790,格紋上衣,https://static.zara.net/stdstatic/1.26.1-b.1/images/transparent-bg.png
洋裝,"NT$ 1,490",亮片條紋洋裝,https://static.zara.net/stdstatic/1.26.1-b.1/images/transparent-bg.png
洋裝,NT$ 890,領口打結設計刺繡洋裝,https://static.zara.net/stdstatic/1.26.1-b.1/images/transparent-bg.png
洋裝,"NT$ 1,490",口袋棉緞洋裝,https://static.zara.net/stdstatic/1.26.1-b.1/images/transparent-bg.png
洋裝,NT$ 490,天鵝絨長版洋裝,https://static.zara.net/stdstatic/1.26.1-b.1/images/transparent-bg.png
洋裝,NT$ 890,真絲觸感蠟染印花洋裝,https://static.zara.net/stdstatic/1.26.1-b.1/images/transparent-bg.png
洋裝,NT$ 990,長版細肩帶洋裝,https://static.zara.net/stdstatic/1.26.1-b.1/images/transparent-bg.png
洋裝,"NT$ 1,490",天鵝絨洋裝,https://static.zara.net/stdstatic/1.26.1-b.1/images/transparent-bg.png
洋裝,NT$ 790,補丁洋裝,https://static.zara.net/stdstatic/1.26.1-b.1/images/transparent-bg.png
洋裝,"NT$ 1,190",長袖洋裝,https://static.zara.net/stdstatic/1.26.1-b.1/images/transparent-bg.png
上衣,"NT$ 1,290",平口上衣,https://static.zara.net/stdstatic/1.26.1-b.1/images/transparent-bg.png
上衣,NT$ 790,短板襯衫,https://static.zara.net/stdstatic/1.26.1-b.1/images/transparent-bg.png
上衣,"NT$ 1,490",短板襯衫,https://static.zara.net/stdstatic/1.26.1-b.1/images/transparent-bg.png
上衣,"NT$ 1,290",天鵝絨上衣,https://static.zara.net/stdstatic/1.26.1-b.1/images/transparent-bg.png
上衣,"NT$ 1,990",加大碼襯衫,https://static.zara.net/stdstatic/1.26.1-b.1/images/transparent-bg.png
上衣,NT$ 790,星星印花上衣,https://static.zara.net/stdstatic/1.26.1-b.1/images/transparent-bg.png
上衣,"NT$ 1,290",荷葉邊下襬上衣,https://static.zara.net/stdstatic/1.26.1-b.1/images/transparent-bg.png
上衣,NT$ 390,閃亮吊帶上衣,https://static.zara.net/stdstatic/1.26.1-b.1/images/transparent-bg.png
上衣,NT$ 790,拼接上衣,https://static.zara.net/stdstatic/1.26.1-b.1/images/transparent-bg.png
上衣,NT$ 790,加大碼夾克,https://static.zara.net/stdstatic/1.26.1-b.1/images/transparent-bg.png
上衣,"NT$ 1,490",印花上衣,https://static.zara.net/stdstatic/1.26.1-b.1/images/transparent-bg.png
洋裝,NT$ 590,垂性長衫,https://static.zara.net/stdstatic/1.26.1-b.1/images/transparent-bg.png
洋裝,NT$ 990,仿皮背心裙,https://static.zara.net/stdstatic/1.26.1-b.1/images/transparent-bg.png
洋裝,NT$ 590,飄逸洋裝,https://static.zara.net/stdstatic/1.26.1-b.1/images/transparent-bg.png
洋裝,NT$ 990,圓點薄紗長袖洋裝,https://static.zara.net/stdstatic/1.26.1-b.1/images/transparent-bg.png
洋裝,NT$ 890,吊帶洋裝,https://static.zara.net/stdstatic/1.26.1-b.1/images/transparent-bg.png
洋裝,"NT$ 1,490",領口細節設計洋裝,https://static.zara.net/stdstatic/1.26.1-b.1/images/transparent-bg.png
洋裝,NT$ 890,花卉洋裝,https://static.zara.net/stdstatic/1.26.1-b.1/images/transparent-bg.png
洋裝,"NT$ 1,490",印花長版襯衫,https://static.zara.net/stdstatic/1.26.1-b.1/images/transparent-bg.png
洋裝,NT$ 990,寬襬洋裝,https://static.zara.net/stdstatic/1.26.1-b.1/images/transparent-bg.png
洋裝,"NT$ 2,790",荷葉邊棉緞洋裝,https://static.zara.net/stdstatic/1.26.1-b.1/images/transparent-bg.png
洋裝,NT$ 590,條紋洋裝,https://static.zara.net/stdstatic/1.26.1-b.1/images/transparent-bg.png
洋裝,NT$ 990,條紋洋裝,https://static.zara.net/stdstatic/1.26.1-b.1/images/transparent-bg.png
洋裝,"NT$ 1,490",長版洋裝,https://static.zara.net/stdstatic/1.26.1-b.1/images/transparent-bg.png
洋裝,"NT$ 2,790",短版細肩帶洋裝,https://static.zara.net/stdstatic/1.26.1-b.1/images/transparent-bg.png
上衣,NT$ 640,吊帶上衣,https://static.zara.net/stdstatic/1.26.1-b.1/images/transparent-bg.png
上衣,NT$ 990,加大碼襯衫,https://static.zara.net/stdstatic/1.26.1-b.1/images/transparent-bg.png
上衣,NT$ 790,小圓點上衣,https://static.zara.net/stdstatic/1.26.1-b.1/images/transparent-bg.png
上衣,"NT$ 1,290",波卡圓點連體衣,https://static.zara.net/stdstatic/1.26.1-b.1/images/transparent-bg.png
上衣,NT$ 990,不對稱長版上衣,https://static.zara.net/stdstatic/1.26.1-b.1/images/transparent-bg.png
上衣,"NT$ 1,490",蕾絲鑲邊吊帶上衣,https://static.zara.net/stdstatic/1.26.1-b.1/images/transparent-bg.png
上衣,NT$ 640,氣球印花罩衫,https://static.zara.net/stdstatic/1.26.1-b.1/images/transparent-bg.png
上衣,NT$ 990,荷葉邊長袖上衣,https://static.zara.net/stdstatic/1.26.1-b.1/images/transparent-bg.png
上衣,NT$ 590,寬擺罩衫,https://static.zara.net/stdstatic/1.26.1-b.1/images/transparent-bg.png
上衣,NT$ 990,印花襯衫,https://static.zara.net/stdstatic/1.26.1-b.1/images/transparent-bg.png
上衣,"NT$ 1,290",飄逸棉緞罩衫,https://static.zara.net/stdstatic/1.26.1-b.1/images/transparent-bg.png
上衣,"NT$ 2,790",基本款府綢襯衫,https://static.zara.net/stdstatic/1.26.1-b.1/images/transparent-bg.png
上衣,"NT$ 1,290",天鵝絨上衣,https://static.zara.net/stdstatic/1.26.1-b.1/images/transparent-bg.png
洋裝,NT$ 890,荷葉邊肩帶洋裝,https://static.zara.net/stdstatic/1.26.1-b.1/images/transparent-bg.png
洋裝,"NT$ 1,490",格紋露肩洋裝,https://static.zara.net/stdstatic/1.26.1-b.1/images/transparent-bg.png
洋裝,NT$ 990,流蘇長版洋裝,https://static.zara.net/stdstatic/1.26.1-b.1/images/transparent-bg.png
洋裝,"NT$ 1,990",柔軟蕾絲洋裝,https://static.zara.net/stdstatic/1.26.1-b.1/images/transparent-bg.png
洋裝,NT$ 990,多色條紋洋裝,https://static.zara.net/stdstatic/1.26.1-b.1/images/transparent-bg.png
洋裝,"NT$ 1,490",長版吊帶洋裝,https://static.zara.net/stdstatic/1.26.1-b.1/images/transparent-bg.png
上衣,"NT$ 2,790",蕾絲鑲邊吊帶上衣,https://static.zara.net/stdstatic/1.26.1-b.1/images/transparent-bg.png
上衣,NT$ 640,斜肩不對稱上衣,https://static.zara.net/stdstatic/1.26.1-b.1/images/transparent-bg.png
上衣,NT$ 990,V 領罩衫,https://static.zara.net/stdstatic/1.26.1-b.1/images/transparent-bg.png
上衣,"NT$ 1,290",波卡圓點襯衫,https://static.zara.net/stdstatic/1.26.1-b.1/images/transparent-bg.png
上衣,"NT$ 2,790",天鵝絨上衣,https://static.zara.net/stdstatic/1.26.1-b.1/images/transparent-bg.png
上衣,NT$ 790,寬袖襯衫,https://static.zara.net/stdstatic/1.26.1-b.1/images/transparent-bg.png
上衣,"NT$ 1,290",撞色圓點薄紗襯衫,https://static.zara.net/stdstatic/1.26.1-b.1/images/transparent-bg.png
上衣,NT$ 790,內衣式上衣,https://static.zara.net/stdstatic/1.26.1-b.1/images/transparent-bg.png
上衣,"NT$ 1,290",天鵝絨荷葉邊上衣,https://static.zara.net/stdstatic/1.26.1-b.1/images/transparent-bg.png
上衣,"NT$ 1,290",STUDIO 系列結飾襯衫,https://static.zara.net/stdstatic/1.26.1-b.1/images/transparent-bg.png
上衣,"NT$ 1,990",補丁拉鍊上衣,https://static.zara.net/stdstatic/1.26.1-b.1/images/transparent-bg.png
洋裝,NT$ 890,長版吊帶洋裝,https://static.zara.net/stdstatic/1.26.1-b.1/images/transparent-bg.png
洋裝,"NT$ 1,990",天鵝絨交叉洋裝,https://static.zara.net/stdstatic/1.26.1-b.1/images/transparent-bg.png
洋裝,NT$ 640,亮面拼接洋裝,https://static.zara.net/stdstatic/1.26.1-b.1/images/transparent-bg.png
洋裝,NT$ 990,百褶洋裝,https://static.zara.net/stdstatic/1.26.1-b.1/images/transparent-bg.png
洋裝,NT$ 490,百褶洋裝,https://static.zara.net/stdstatic/1.26.1-b.1/images/transparent-bg.png
洋裝,NT$ 790,荷葉邊短版洋裝,https://static.zara.net/stdstatic/1.26.1-b.1/images/transparent-bg.png
洋裝,NT$ 790,金屬設計府綢長版襯衫,https://static.zara.net/stdstatic/1.26.1-b.1/images/transparent-bg.png
洋裝,"NT$ 1,290",荷葉邊洋裝,https://static.zara.net/stdstatic/1.26.1-b.1/images/transparent-bg.png
洋裝,NT$ 640,棉緞露背洋裝,https://static.zara.net/stdstatic/1.26.1-b.1/images/transparent-bg.png
洋裝,"NT$ 1,490",拉鍊荷葉邊洋裝,https://static.zara.net/stdstatic/1.26.1-b.1/images/transparent-bg.png
洋裝,NT$ 790,印花短版洋裝,https://static.zara.net/stdstatic/1.26.1-b.1/images/transparent-bg.png
洋裝,"NT$ 1,190",條紋長版襯衫,https://static.zara.net/stdstatic/1.26.1-b.1/images/transparent-bg.png
洋裝,NT$ 640,蕾絲洋裝,https://static.zara.net/stdstatic/1.26.1-b.1/images/transparent-bg.png
上衣,NT$ 390,動物斑紋印花上衣,https://static.zara.net/stdstatic/1.26.1-b.1/images/transparent-bg.png
上衣,NT$ 690,加大碼襯衫,https://static.zara.net/stdstatic/1.26.1-b.1/images/transparent-bg.png
上衣,NT$ 640,半高領長衫,https://static.zara.net/stdstatic/1.26.1-b.1/images/transparent-bg.png
上衣,NT$ 990,背部交叉設計上衣,https://static.zara.net/stdstatic/1.26.1-b.1/images/transparent-bg.png
上衣,NT$ 640,飄逸上衣,https://static.zara.net/stdstatic/1.26.1-b.1/images/transparent-bg.png
洋裝,"NT$ 1,490",印字 T 恤式洋裝,https://static.zara.net/stdstatic/1.26.1-b.1/images/transparent-bg.png
洋裝,NT$ 890,閃亮洋裝,https://static.zara.net/stdstatic/1.26.1-b.1/images/transparent-bg.png
上衣,"NT$ 1,290",民族風頸鍊飾上衣,https://static.zara.net/stdstatic/1.26.1-b.1/images/transparent-bg.png
上衣,NT$ 990,正面結飾格紋上衣,https://static.zara.net/stdstatic/1.26.1-b.1/images/transparent-bg.png
上衣,"NT$ 1,490",格紋長衫,https://static.zara.net/stdstatic/1.26.1-b.1/images/transparent-bg.png
上衣,NT$ 790,加大碼襯衫,https://static.zara.net/stdstatic/1.26.1-b.1/images/transparent-bg.png
上衣,"NT$ 1,490",條紋印花罩衫,https://static.zara.net/stdstatic/1.26.1-b.1/images/transparent-bg.png
上衣,NT$ 790,刺繡雙層荷葉邊上衣,https://static.zara.net/stdstatic/1.26.1-b.1/images/transparent-bg.png
上衣,"NT$ 1,290",真絲加大碼襯衫,https://static.zara.net/stdstatic/1.26.1-b.1/images/transparent-bg.png
上衣,NT$ 790,府綢上衣,https://static.zara.net/stdstatic/1.26.1-b.1/images/transparent-bg.png
上衣,"NT$ 1,490",球狀飾府綢襯衫,https://static.zara.net/stdstatic/1.26.1-b.1/images/transparent-bg.png
上衣,NT$ 790,短版襯衫,https://static.zara.net/stdstatic/1.26.1-b.1/images/transparent-bg.png
上衣,"NT$ 1,490",縐綢 V 領上衣,https://static.zara.net/stdstatic/1.26.1-b.1/images/transparent-bg.png
上衣,NT$ 790,時尚罩衫,https://static.zara.net/stdstatic/1.26.1-b.1/images/transparent-bg.png
上衣,"NT$ 1,290",格紋上衣,https://static.zara.net/stdstatic/1.26.1-b.1/images/transparent-bg.png
上衣,NT$ 790,圓領上衣,https://static.zara.net/stdstatic/1.26.1-b.1/images/transparent-bg.png
上衣,"NT$ 1,490",條紋襯衫,https://static.zara.net/stdstatic/1.26.1-b.1/images/transparent-bg.png
上衣,NT$ 790,緞面上衣,https://static.zara.net/stdstatic/1.26.1-b.1/images/transparent-bg.png
上衣,"NT$ 1,290",絨球上衣,https://static.zara.net/stdstatic/1.26.1-b.1/images/transparent-bg.png
上衣,"NT$ 1,290",飄逸寬版長衫,https://static.zara.net/stdstatic/1.26.1-b.1/images/transparent-bg.png
上衣,"NT$ 1,990",流蘇背心,https://static.zara.net/stdstatic/1.26.1-b.1/images/transparent-bg.png
上衣,"NT$ 1,290",格紋荷葉邊拼接提花上衣,https://static.zara.net/stdstatic/1.26.1-b.1/images/transparent-bg.png
上衣,"NT$ 1,990",口袋彈性府綢襯衫,https://static.zara.net/stdstatic/1.26.1-b.1/images/transparent-bg.png
上衣,"NT$ 1,290",正面束帶蝴蝶結罩衫,https://static.zara.net/stdstatic/1.26.1-b.1/images/transparent-bg.png
上衣,"NT$ 1,990",條紋上衣,https://static.zara.net/stdstatic/1.26.1-b.1/images/transparent-bg.png
上衣,NT$ 790,格紋煙囪領上衣,https://static.zara.net/stdstatic/1.26.1-b.1/images/transparent-bg.png
上衣,"NT$ 1,490",刺繡格紋罩衫,https://static.zara.net/stdstatic/1.26.1-b.1/images/transparent-bg.png
上衣,NT$ 790,府綢上衣,https://static.zara.net/stdstatic/1.26.1-b.1/images/transparent-bg.png
上衣,"NT$ 1,490",府綢襯衫,https://static.zara.net/stdstatic/1.26.1-b.1/images/transparent-bg.png
上衣,"NT$ 1,290",絨球飾格紋上衣,https://static.zara.net/stdstatic/1.26.1-b.1/images/transparent-bg.png
上衣,"NT$ 1,990",府綢上衣,https://static.zara.net/stdstatic/1.26.1-b.1/images/transparent-bg.png
上衣,NT$ 790,短版上衣,https://static.zara.net/stdstatic/1.26.1-b.1/images/transparent-bg.png
上衣,"NT$ 1,490",亮片上衣,https://static.zara.net/stdstatic/1.26.1-b.1/images/transparent-bg.png
上衣,NT$ 640,亮片上衣,https://static.zara.net/stdstatic/1.26.1-b.1/images/transparent-bg.png
上衣,NT$ 990,露肩長衫,https://static.zara.net/stdstatic/1.26.1-b.1/images/transparent-bg.png
上衣,"NT$ 1,290",印花上衣,https://static.zara.net/stdstatic/1.26.1-b.1/images/transparent-bg.png
上衣,"NT$ 1,990",花卉印花罩衫,https://static.zara.net/stdstatic/1.26.1-b.1/images/transparent-bg.png
上衣,"NT$ 1,290",拼接高領針織衫,https://static.zara.net/stdstatic/1.26.1-b.1/images/transparent-bg.png
上衣,"NT$ 1,990",緞面上衣,https://static.zara.net/stdstatic/1.26.1-b.1/images/transparent-bg.png
上衣,NT$ 790,印花罩衫,https://static.zara.net/stdstatic/1.26.1-b.1/images/transparent-bg.png
上衣,"NT$ 1,290",蕾絲拼接毛邊軟呢上衣,https://static.zara.net/stdstatic/1.26.1-b.1/images/transparent-bg.png
上衣,NT$ 790,金屬設計襯衫,https://static.zara.net/stdstatic/1.26.1-b.1/images/transparent-bg.png
上衣,"NT$ 1,490",刺繡加大碼襯衫,https://static.zara.net/stdstatic/1.26.1-b.1/images/transparent-bg.png
上衣,NT$ 790,軍風襯衫,https://static.zara.net/stdstatic/1.26.1-b.1/images/transparent-bg.png
上衣,"NT$ 1,290",緞面喇叭袖上衣,https://static.zara.net/stdstatic/1.26.1-b.1/images/transparent-bg.png
上衣,NT$ 790,雙層設計上衣,https://static.zara.net/stdstatic/1.26.1-b.1/images/transparent-bg.png
上衣,"NT$ 1,290",荷葉邊袖口上衣,https://static.zara.net/stdstatic/1.26.1-b.1/images/transparent-bg.png
上衣,NT$ 790,加大碼府綢襯衫,https://static.zara.net/stdstatic/1.26.1-b.1/images/transparent-bg.png
上衣,"NT$ 1,490",圓點薄紗罩衫,https://static.zara.net/stdstatic/1.26.1-b.1/images/transparent-bg.png
上衣,NT$ 790,打結設計府綢上衣,https://static.zara.net/stdstatic/1.26.1-b.1/images/transparent-bg.png
上衣,"NT$ 1,490",印花罩衫,https://static.zara.net/stdstatic/1.26.1-b.1/images/transparent-bg.png
上衣,NT$ 790,內衣式上衣,https://static.zara.net/stdstatic/1.26.1-b.1/images/transparent-bg.png
上衣,"NT$ 1,490",圓領襯衫,https://static.zara.net/stdstatic/1.26.1-b.1/images/transparent-bg.png
上衣,NT$ 790,府綢襯衫式上衣,https://static.zara.net/stdstatic/1.26.1-b.1/images/transparent-bg.png
上衣,"NT$ 1,290",內衣式上衣,https://static.zara.net/stdstatic/1.26.1-b.1/images/transparent-bg.png
上衣,NT$ 790,結飾刺繡罩衫,https://static.zara.net/stdstatic/1.26.1-b.1/images/transparent-bg.png
上衣,"NT$ 1,290",加大碼襯衫,https://static.zara.net/stdstatic/1.26.1-b.1/images/transparent-bg.png
上衣,NT$ 790,波卡圓點印花高領罩衫,https://static.zara.net/stdstatic/1.26.1-b.1/images/transparent-bg.png
上衣,"NT$ 1,290",流蘇上衣,https://static.zara.net/stdstatic/1.26.1-b.1/images/transparent-bg.png
上衣,NT$ 790,短版上衣,https://static.zara.net/stdstatic/1.26.1-b.1/images/transparent-bg.png
上衣,"NT$ 1,190",打褶短版上衣,https://static.zara.net/stdstatic/1.26.1-b.1/images/transparent-bg.png
上衣,NT$ 790,補丁夾克,https://static.zara.net/stdstatic/1.26.1-b.1/images/transparent-bg.png
上衣,"NT$ 1,490",蕾絲拼接百褶上衣,https://static.zara.net/stdstatic/1.26.1-b.1/images/transparent-bg.png
上衣,NT$ 790,蕾絲荷葉邊罩衫,https://static.zara.net/stdstatic/1.26.1-b.1/images/transparent-bg.png
上衣,"NT$ 1,290",花卉印花襯衫,https://static.zara.net/stdstatic/1.26.1-b.1/images/transparent-bg.png
上衣,NT$ 790,印花罩衫,https://static.zara.net/stdstatic/1.26.1-b.1/images/transparent-bg.png
上衣,"NT$ 1,490",背部百褶上衣,https://static.zara.net/stdstatic/1.26.1-b.1/images/transparent-bg.png
上衣,NT$ 790,印花府綢襯衫,https://static.zara.net/stdstatic/1.26.1-b.1/images/transparent-bg.png
上衣,"NT$ 1,490",基本款府綢襯衫,https://static.zara.net/stdstatic/1.26.1-b.1/images/transparent-bg.png
上衣,NT$ 640,格紋襯衫,https://static.zara.net/stdstatic/1.26.1-b.1/images/transparent-bg.png
上衣,NT$ 990,荷葉邊七分袖罩衫,https://static.zara.net/stdstatic/1.26.1-b.1/images/transparent-bg.png
上衣,NT$ 640,小開領襯衫,https://static.zara.net/stdstatic/1.26.1-b.1/images/transparent-bg.png
上衣,NT$ 990,打褶短版上衣,https://static.zara.net/stdstatic/1.26.1-b.1/images/transparent-bg.png
上衣,NT$ 790,短板襯衫,https://static.zara.net/stdstatic/1.26.1-b.1/images/transparent-bg.png
上衣,"NT$ 1,290",荷葉邊 V 領罩衫,https://static.zara.net/stdstatic/1.26.1-b.1/images/transparent-bg.png
上衣,NT$ 790,船領上衣,https://static.zara.net/stdstatic/1.26.1-b.1/images/transparent-bg.png
上衣,"NT$ 1,490",荷葉邊飾格紋襯衫,https://static.zara.net/stdstatic/1.26.1-b.1/images/transparent-bg.png
上衣,NT$ 790,荷葉邊格紋上衣,https://static.zara.net/stdstatic/1.26.1-b.1/images/transparent-bg.png
上衣,"NT$ 1,290",閃亮條紋上衣,https://static.zara.net/stdstatic/1.26.1-b.1/images/transparent-bg.png
上衣,NT$ 640,外搭上衣設計 T 恤,https://static.zara.net/stdstatic/1.26.1-b.1/images/transparent-bg.png
上衣,"NT$ 1,290",背部抵肩拼接棉質 T 恤,https://static.zara.net/stdstatic/1.26.1-b.1/images/transparent-bg.png
上衣,NT$ 640,亮片短版上衣,https://static.zara.net/stdstatic/1.26.1-b.1/images/transparent-bg.png
上衣,"NT$ 1,290",正面結飾上衣,https://static.zara.net/stdstatic/1.26.1-b.1/images/transparent-bg.png
上衣,NT$ 790,標籤補丁上衣,https://static.zara.net/stdstatic/1.26.1-b.1/images/transparent-bg.png
上衣,"NT$ 1,490",開叉長版上衣,https://static.zara.net/stdstatic/1.26.1-b.1/images/transparent-bg.png
上衣,"NT$ 1,290",黑色絨面人造皮上衣,https://static.zara.net/stdstatic/1.26.1-b.1/images/transparent-bg.png
上衣,"NT$ 1,990",拼接印花上衣,https://static.zara.net/stdstatic/1.26.1-b.1/images/transparent-bg.png
上衣,NT$ 790,金屬色荷葉邊下襬上衣,https://static.zara.net/stdstatic/1.26.1-b.1/images/transparent-bg.png
上衣,"NT$ 1,490",閃亮百褶上衣,https://static.zara.net/stdstatic/1.26.1-b.1/images/transparent-bg.png
上衣,NT$ 790,短版百褶上衣,https://static.zara.net/stdstatic/1.26.1-b.1/images/transparent-bg.png
上衣,"NT$ 1,490",撞色府綢襯衫,https://static.zara.net/stdstatic/1.26.1-b.1/images/transparent-bg.png
上衣,NT$ 790,條紋府綢上衣,https://static.zara.net/stdstatic/1.26.1-b.1/images/transparent-bg.png
上衣,"NT$ 1,190",印花飄逸上衣,https://static.zara.net/stdstatic/1.26.1-b.1/images/transparent-bg.png
上衣,NT$ 790,彈性府綢上衣,https://static.zara.net/stdstatic/1.26.1-b.1/images/transparent-bg.png
上衣,"NT$ 1,290",軍風長袖上衣,https://static.zara.net/stdstatic/1.26.1-b.1/images/transparent-bg.png
上衣,NT$ 640,流蘇提花上衣,https://static.zara.net/stdstatic/1.26.1-b.1/images/transparent-bg.png
上衣,NT$ 990,條紋蓬鬆上衣,https://static.zara.net/stdstatic/1.26.1-b.1/images/transparent-bg.png
上衣,NT$ 640,短版百褶上衣,https://static.zara.net/stdstatic/1.26.1-b.1/images/transparent-bg.png
上衣,NT$ 990,寬鬆加大碼牛仔襯衫,https://static.zara.net/stdstatic/1.26.1-b.1/images/transparent-bg.png
上衣,NT$ 790,居家風長袍,https://static.zara.net/stdstatic/1.26.1-b.1/images/transparent-bg.png
上衣,NT$ 990,背部抵肩拼接棉質 T 恤,https://static.zara.net/stdstatic/1.26.1-b.1/images/transparent-bg.png
上衣,NT$ 790,寬鬆加大碼牛仔襯衫,https://static.zara.net/stdstatic/1.26.1-b.1/images/transparent-bg.png
上衣,"NT$ 1,290",豹紋印花襯衫,https://static.zara.net/stdstatic/1.26.1-b.1/images/transparent-bg.png
上衣,NT$ 640,蝴蝶結和荷葉邊上衣,https://static.zara.net/stdstatic/1.26.1-b.1/images/transparent-bg.png
上衣,"NT$ 1,290",蕾絲裝飾印花連衣裙,https://static.zara.net/stdstatic/1.26.1-b.1/images/transparent-bg.png
上衣,NT$ 790,拉鍊條紋上衣,https://static.zara.net/stdstatic/1.26.1-b.1/images/transparent-bg.png
上衣,"NT$ 1,290",蝴蝶結蓬蓬上衣,https://static.zara.net/stdstatic/1.26.1-b.1/images/transparent-bg.png
上衣,NT$ 790,側身鏤空上衣,https://static.zara.net/stdstatic/1.26.1-b.1/images/transparent-bg.png
上衣,"NT$ 1,490",內衣式上衣,https://static.zara.net/stdstatic/1.26.1-b.1/images/transparent-bg.png
上衣,NT$ 790,刺繡條紋襯衫,https://static.zara.net/stdstatic/1.26.1-b.1/images/transparent-bg.png
上衣,"NT$ 1,290",背部綁帶蕾絲拼接上衣,https://static.zara.net/stdstatic/1.26.1-b.1/images/transparent-bg.png
上衣,NT$ 640,背部深領蕾絲上衣,https://static.zara.net/stdstatic/1.26.1-b.1/images/transparent-bg.png
上衣,NT$ 990,荷葉邊薄紗上衣,https://static.zara.net/stdstatic/1.26.1-b.1/images/transparent-bg.png
上衣,NT$ 390,補丁襯衫,https://static.zara.net/stdstatic/1.26.1-b.1/images/transparent-bg.png
上衣,NT$ 790,口袋條紋襯衫,https://static.zara.net/stdstatic/1.26.1-b.1/images/transparent-bg.png
上衣,NT$ 790,花卉刺繡上衣,https://static.zara.net/stdstatic/1.26.1-b.1/images/transparent-bg.png
上衣,NT$ 990,刺繡牛仔襯衫,https://static.zara.net/stdstatic/1.26.1-b.1/images/transparent-bg.png
上衣,NT$ 590,帶飾連體衣,https://static.zara.net/stdstatic/1.26.1-b.1/images/transparent-bg.png
上衣,NT$ 890,百褶上衣,https://static.zara.net/stdstatic/1.26.1-b.1/images/transparent-bg.png
上衣,NT$ 790,加大碼襯衫,https://static.zara.net/stdstatic/1.26.1-b.1/images/transparent-bg.png
上衣,"NT$ 1,490",露背上衣,https://static.zara.net/stdstatic/1.26.1-b.1/images/transparent-bg.png
上衣,NT$ 790,層疊不對稱上衣,https://static.zara.net/stdstatic/1.26.1-b.1/images/transparent-bg.png
上衣,"NT$ 1,490",加大碼府綢襯衫,https://static.zara.net/stdstatic/1.26.1-b.1/images/transparent-bg.png
上衣,NT$ 390,圓點薄紗和絹線上衣,https://static.zara.net/stdstatic/1.26.1-b.1/images/transparent-bg.png
上衣,NT$ 790,露背上衣,https://static.zara.net/stdstatic/1.26.1-b.1/images/transparent-bg.png
上衣,"NT$ 1,290",加大碼襯衫,https://static.zara.net/stdstatic/1.26.1-b.1/images/transparent-bg.png
上衣,"NT$ 1,990",閃亮百褶上衣,https://static.zara.net/stdstatic/1.26.1-b.1/images/transparent-bg.png
上衣,NT$ 640,背部細帶上衣,https://static.zara.net/stdstatic/1.26.1-b.1/images/transparent-bg.png
上衣,NT$ 990,背部紐扣上衣,https://static.zara.net/stdstatic/1.26.1-b.1/images/transparent-bg.png
上衣,NT$ 590,斑紋印花上衣,https://static.zara.net/stdstatic/1.26.1-b.1/images/transparent-bg.png
上衣,NT$ 990,口袋加大碼襯衫,https://static.zara.net/stdstatic/1.26.1-b.1/images/transparent-bg.png
上衣,NT$ 590,加大碼襯衫,https://static.zara.net/stdstatic/1.26.1-b.1/images/transparent-bg.png
上衣,NT$ 990,紐扣上衣,https://static.zara.net/stdstatic/1.26.1-b.1/images/transparent-bg.png
上衣,NT$ 790,雙層設計上衣,https://static.zara.net/stdstatic/1.26.1-b.1/images/transparent-bg.png
上衣,"NT$ 1,490",蝴蝶結束帶罩衫,https://static.zara.net/stdstatic/1.26.1-b.1/images/transparent-bg.png
上衣,NT$ 790,背部設計金屬箔片襯衫,https://static.zara.net/stdstatic/1.26.1-b.1/images/transparent-bg.png
上衣,"NT$ 1,490",緞面罩衫,https://static.zara.net/stdstatic/1.26.1-b.1/images/transparent-bg.png
上衣,NT$ 790,荷葉邊格紋上衣,https://static.zara.net/stdstatic/1.26.1-b.1/images/transparent-bg.png
上衣,"NT$ 1,290",領口束帶打結上衣,https://static.zara.net/stdstatic/1.26.1-b.1/images/transparent-bg.png
上衣,NT$ 790,軍風長版襯衫,https://static.zara.net/stdstatic/1.26.1-b.1/images/transparent-bg.png
上衣,"NT$ 1,290",絨面人造皮襯衫式外套,https://static.zara.net/stdstatic/1.26.1-b.1/images/transparent-bg.png
上衣,"NT$ 1,290",褶皺交叉罩衫,https://static.zara.net/stdstatic/1.26.1-b.1/images/transparent-bg.png
上衣,"NT$ 1,990",珍珠鍊飾上衣,https://static.zara.net/stdstatic/1.26.1-b.1/images/transparent-bg.png
上衣,NT$ 790,格紋短版襯衫,https://static.zara.net/stdstatic/1.26.1-b.1/images/transparent-bg.png
上衣,"NT$ 1,190",刺繡加大碼襯衫,https://static.zara.net/stdstatic/1.26.1-b.1/images/transparent-bg.png
上衣,NT$ 790,花卉印花短衫,https://static.zara.net/stdstatic/1.26.1-b.1/images/transparent-bg.png
上衣,"NT$ 1,190",緞面上衣,https://static.zara.net/stdstatic/1.26.1-b.1/images/transparent-bg.png
上衣,NT$ 790,背部交叉設計上衣,https://static.zara.net/stdstatic/1.26.1-b.1/images/transparent-bg.png
上衣,"NT$ 1,290",真絲罩衫,https://static.zara.net/stdstatic/1.26.1-b.1/images/transparent-bg.png
上衣,NT$ 790,格紋印花長版襯衫,https://static.zara.net/stdstatic/1.26.1-b.1/images/transparent-bg.png
上衣,"NT$ 1,290",垂性長衫,https://static.zara.net/stdstatic/1.26.1-b.1/images/transparent-bg.png
上衣,NT$ 790,特別版天鵝絨連體衣,https://static.zara.net/stdstatic/1.26.1-b.1/images/transparent-bg.png
上衣,"NT$ 1,490",寬領上衣,https://static.zara.net/stdstatic/1.26.1-b.1/images/transparent-bg.png
上衣,NT$ 790,刺繡條紋襯衫,https://static.zara.net/stdstatic/1.26.1-b.1/images/transparent-bg.png
上衣,"NT$ 1,290",條紋府綢襯衫,https://static.zara.net/stdstatic/1.26.1-b.1/images/transparent-bg.png
上衣,NT$ 790,加厚領口罩衫,https://static.zara.net/stdstatic/1.26.1-b.1/images/transparent-bg.png
上衣,"NT$ 1,290",蝴蝶結束帶罩衫,https://static.zara.net/stdstatic/1.26.1-b.1/images/transparent-bg.png
上衣,NT$ 790,蕾絲罩衫,https://static.zara.net/stdstatic/1.26.1-b.1/images/transparent-bg.png
上衣,"NT$ 1,290",基本款府綢襯衫,https://static.zara.net/stdstatic/1.26.1-b.1/images/transparent-bg.png
上衣,"NT$ 1,290",刺繡罩衫,https://static.zara.net/stdstatic/1.26.1-b.1/images/transparent-bg.png
上衣,"NT$ 2,790",府綢襯衫,https://static.zara.net/stdstatic/1.26.1-b.1/images/transparent-bg.png
上衣,NT$ 590,府綢襯衫,https://static.zara.net/stdstatic/1.26.1-b.1/images/transparent-bg.png
上衣,NT$ 890,加大碼襯衫,https://static.zara.net/stdstatic/1.26.1-b.1/images/transparent-bg.png
上衣,NT$ 790,條紋襯衫,https://static.zara.net/stdstatic/1.26.1-b.1/images/transparent-bg.png
上衣,"NT$ 1,490",彈性府綢襯衫,https://static.zara.net/stdstatic/1.26.1-b.1/images/transparent-bg.png
上衣,NT$ 640,薄紗連體衣,https://static.zara.net/stdstatic/1.26.1-b.1/images/transparent-bg.png
上衣,NT$ 990,印花百褶罩衫,https://static.zara.net/stdstatic/1.26.1-b.1/images/transparent-bg.png
上衣,NT$ 790,花紋布料上衣,https://static.zara.net/stdstatic/1.26.1-b.1/images/transparent-bg.png
上衣,"NT$ 1,290",絹網雙層上衣,https://static.zara.net/stdstatic/1.26.1-b.1/images/transparent-bg.png
上衣,"NT$ 1,290",口袋棉緞洋裝,https://static.zara.net/stdstatic/1.26.1-b.1/images/transparent-bg.png
上衣,"NT$ 1,990",荷葉邊圓點薄紗罩衫,https://static.zara.net/stdstatic/1.26.1-b.1/images/transparent-bg.png
上衣,NT$ 790,和服式上衣,https://static.zara.net/stdstatic/1.26.1-b.1/images/transparent-bg.png
上衣,"NT$ 1,490",薄紗長版上衣,https://static.zara.net/stdstatic/1.26.1-b.1/images/transparent-bg.png
上衣,NT$ 790,特別版天鵝絨連體衣,https://static.zara.net/stdstatic/1.26.1-b.1/images/transparent-bg.png
上衣,"NT$ 1,490",條紋府綢襯衫,https://static.zara.net/stdstatic/1.26.1-b.1/images/transparent-bg.png
上衣,NT$ 790,浪漫風上衣,https://static.zara.net/stdstatic/1.26.1-b.1/images/transparent-bg.png
上衣,"NT$ 1,290",燈籠袖府綢襯衫,https://static.zara.net/stdstatic/1.26.1-b.1/images/transparent-bg.png
上衣,NT$ 790,露肩府綢上衣,https://static.zara.net/stdstatic/1.26.1-b.1/images/transparent-bg.png
上衣,"NT$ 1,290",亞麻蘇穗綴飾上衣,https://static.zara.net/stdstatic/1.26.1-b.1/images/transparent-bg.png
上衣,NT$ 790,口袋印花罩衫,https://static.zara.net/stdstatic/1.26.1-b.1/images/transparent-bg.png
上衣,"NT$ 1,490",喇叭袖上衣,https://static.zara.net/stdstatic/1.26.1-b.1/images/transparent-bg.png
上衣,NT$ 790,胸口綁帶罩衫,https://static.zara.net/stdstatic/1.26.1-b.1/images/transparent-bg.png
上衣,"NT$ 1,290",印花罩衫,https://static.zara.net/stdstatic/1.26.1-b.1/images/transparent-bg.png
上衣,NT$ 790,限量版提花上衣,https://static.zara.net/stdstatic/1.26.1-b.1/images/transparent-bg.png
上衣,"NT$ 1,290",打結設計格紋上衣,https://static.zara.net/stdstatic/1.26.1-b.1/images/transparent-bg.png
上衣,NT$ 790,短版上衣,https://static.zara.net/stdstatic/1.26.1-b.1/images/transparent-bg.png
上衣,"NT$ 1,490",加大碼府綢襯衫,https://static.zara.net/stdstatic/1.26.1-b.1/images/transparent-bg.png
上衣,NT$ 640,緞面荷葉邊上衣,https://static.zara.net/stdstatic/1.26.1-b.1/images/transparent-bg.png
上衣,NT$ 990,緞面荷葉邊上衣,https://static.zara.net/stdstatic/1.26.1-b.1/images/transparent-bg.png
上衣,"NT$ 1,290",蝴蝶結束帶罩衫,https://static.zara.net/stdstatic/1.26.1-b.1/images/transparent-bg.png
上衣,"NT$ 1,990",金屬設計襯衫,https://static.zara.net/stdstatic/1.26.1-b.1/images/transparent-bg.png
上衣,NT$ 790,金色紐扣上衣,https://static.zara.net/stdstatic/1.26.1-b.1/images/transparent-bg.png
上衣,"NT$ 1,290",背部結飾襯衫,https://static.zara.net/stdstatic/1.26.1-b.1/images/transparent-bg.png
上衣,"NT$ 1,290",背部結飾襯衫,https://static.zara.net/stdstatic/1.26.1-b.1/images/transparent-bg.png
上衣,"NT$ 2,790",塗鴉印花牛仔襯衫,https://static.zara.net/stdstatic/1.26.1-b.1/images/transparent-bg.png
上衣,NT$ 790,荷葉邊印花罩衫,https://static.zara.net/stdstatic/1.26.1-b.1/images/transparent-bg.png
上衣,"NT$ 1,490",格紋襯衫,https://static.zara.net/stdstatic/1.26.1-b.1/images/transparent-bg.png
上衣,NT$ 790,高領罩衫,https://static.zara.net/stdstatic/1.26.1-b.1/images/transparent-bg.png
上衣,"NT$ 1,290",印花 T 恤,https://static.zara.net/stdstatic/1.26.1-b.1/images/transparent-bg.png
上衣,NT$ 790,V 領上衣,https://static.zara.net/stdstatic/1.26.1-b.1/images/transparent-bg.png
上衣,"NT$ 1,490",荷葉邊上衣,https://static.zara.net/stdstatic/1.26.1-b.1/images/transparent-bg.png
上衣,NT$ 790,細點襯衫,https://static.zara.net/stdstatic/1.26.1-b.1/images/transparent-bg.png
上衣,"NT$ 1,290",小開領襯衫,https://static.zara.net/stdstatic/1.26.1-b.1/images/transparent-bg.png
上衣,NT$ 790,撞色滾邊罩衫,https://static.zara.net/stdstatic/1.26.1-b.1/images/transparent-bg.png
上衣,"NT$ 1,490",打褶襯衫,https://static.zara.net/stdstatic/1.26.1-b.1/images/transparent-bg.png
上衣,NT$ 790,層疊袖上衣,https://static.zara.net/stdstatic/1.26.1-b.1/images/transparent-bg.png
上衣,"NT$ 1,490",府綢罩衫,https://static.zara.net/stdstatic/1.26.1-b.1/images/transparent-bg.png
上衣,NT$ 640,府綢罩衫,https://static.zara.net/stdstatic/1.26.1-b.1/images/transparent-bg.png
上衣,"NT$ 1,290",貓頭鷹印花襯衫,https://static.zara.net/stdstatic/1.26.1-b.1/images/transparent-bg.png
上衣,NT$ 790,撞色蕾絲罩衫,https://static.zara.net/stdstatic/1.26.1-b.1/images/transparent-bg.png
上衣,"NT$ 1,190",加大碼襯衫,https://static.zara.net/stdstatic/1.26.1-b.1/images/transparent-bg.png
上衣,NT$ 790,毛邊軟呢滾邊襯衫,https://static.zara.net/stdstatic/1.26.1-b.1/images/transparent-bg.png
上衣,"NT$ 1,190",蕾絲下襬格紋上衣,https://static.zara.net/stdstatic/1.26.1-b.1/images/transparent-bg.png
上衣,"NT$ 1,290",GINGHAM 格紋罩衫,https://static.zara.net/stdstatic/1.26.1-b.1/images/transparent-bg.png
上衣,"NT$ 1,990",深領襯衫,https://static.zara.net/stdstatic/1.26.1-b.1/images/transparent-bg.png
上衣,NT$ 790,圓點薄紗襯衫,https://static.zara.net/stdstatic/1.26.1-b.1/images/transparent-bg.png
上衣,"NT$ 1,490",背部百褶上衣,https://static.zara.net/stdstatic/1.26.1-b.1/images/transparent-bg.png
上衣,NT$ 790,露肩府綢上衣,https://static.zara.net/stdstatic/1.26.1-b.1/images/transparent-bg.png
上衣,"NT$ 1,290",加大碼襯衫,https://static.zara.net/stdstatic/1.26.1-b.1/images/transparent-bg.png
上衣,"NT$ 1,290",條紋襯衫,https://static.zara.net/stdstatic/1.26.1-b.1/images/transparent-bg.png
